import os
import sys

# Read the current file and the kernels file code ASAP, for logging
with open(sys.argv[0], 'r') as f:
    code = f.read()
with open(os.path.join(os.path.dirname(sys.argv[0]), 'triton_kernels.py'), 'r') as f:
    code += f"\n\n{'-'*40}\n# triton_kernels.py\n{'-'*40}\n\n"
    code += f.read()

import copy
import glob
import math
import threading
import time
import uuid
from dataclasses import dataclass
from itertools import accumulate, pairwise
from pathlib import Path
import gc

os.environ["PYTORCH_ALLOC_CONF"] = "expandable_segments:True"
import torch
import triton
import numpy as np

torch.empty(
    1, device=f"cuda:{os.environ['LOCAL_RANK']}", requires_grad=True
).backward()  # prevents a bug on some systems
import torch._dynamo as dynamo
import torch.distributed as dist
import torch.nn.functional as F

# torch._inductor.config.coordinate_descent_tuning = True # we have banned this flag for new records because it causes compilation to take 30min
from kernels import get_kernel
from torch import Tensor, nn

from triton_kernels import XXT, ba_plus_cAA, FusedLinearReLUSquareFunction, FusedSoftcappedCrossEntropy

dynamo.config.recompile_limit = 64

# -----------------------------------------------------------------------------
# Distributed training setup
rank = int(os.environ["RANK"])
world_size = int(os.environ["WORLD_SIZE"])
assert 8 % world_size == 0, "world_size must be a divisor of 8"
grad_accum_steps = 8 // world_size
grad_scale = 1 / grad_accum_steps # consistent grad magnitudes between different num_devices
assert torch.cuda.is_available()
device = torch.device("cuda", int(os.environ["LOCAL_RANK"]))
torch.cuda.set_device(device)
dist.init_process_group(backend="cuda:nccl,cpu:gloo", device_id=device)
dist.barrier()
master_process = (rank == 0) # this process will do logging, checkpointing etc.

# -----------------------------------------------------------------------------
# Custom operators: FP8 matmul by @YouJiacheng
# Transposed layout by @ChrisJMcCormick allows for faster gradient accumulation.

@torch.library.custom_op("nanogpt::mm_t", mutates_args=())
def mm_t_op(x: Tensor, w: Tensor, x_s: float, w_s: float, grad_s: float) -> tuple[Tensor, Tensor, Tensor]:
    """Computes y = x @ w with F8 weights stored as (in_features, out_features)."""
    @torch.compile
    def impl(x: Tensor, w: Tensor):
        assert x.is_contiguous() and w.is_contiguous()
        assert x.shape[1] == w.shape[0]  # x: (batch, in), w: (in, out)

        x_f8 = x.div(x_s).to(torch.float8_e4m3fn)
        w_f8 = w.div(w_s).to(torch.float8_e4m3fn)

        # _scaled_mm requires column-major B. w_f8 is row-major (in, out).
        # .T.contiguous().T creates a column-major view without changing logical shape.
        w_f8_col_major = w_f8.T.contiguous().T

        out = torch._scaled_mm(
            x_f8,
            w_f8_col_major,
            out_dtype=torch.bfloat16,
            scale_a=x.new_tensor(x_s, dtype=torch.float32),
            scale_b=x.new_tensor(w_s, dtype=torch.float32),
            use_fast_accum=True,
        )
        return out, x_f8, w_f8

    return impl(x, w)

@mm_t_op.register_fake
def _(x: Tensor, w: Tensor, *_):
    assert x.ndim == w.ndim == 2
    assert x.shape[1] == w.shape[0]
    assert x.device == w.device
    assert x.is_contiguous() and w.is_contiguous()
    return x @ w, x.to(torch.float8_e4m3fn), w.to(torch.float8_e4m3fn)

@torch.library.custom_op("nanogpt::mm_t_backward", mutates_args=())
def mm_t_backward_op(g: Tensor, x_f8: Tensor, w_f8: Tensor, x_s: float, w_s: float, grad_s: float) -> tuple[Tensor, Tensor]:
    @torch.compile
    def impl(grad: Tensor, x_f8: Tensor, w_f8: Tensor):
        assert grad.is_contiguous()

        x_scale = grad.new_tensor(x_s, dtype=torch.float32)
        w_scale = grad.new_tensor(w_s, dtype=torch.float32)
        grad_scale = grad.new_tensor(grad_s, dtype=torch.float32)
        grad_f8 = grad.div(grad_s).to(torch.float8_e5m2)

        # grad_x = grad @ w.T
        grad_x = torch._scaled_mm(
            grad_f8,
            w_f8.T,
            out_dtype=torch.bfloat16,
            scale_a=grad_scale,
            scale_b=w_scale,
            use_fast_accum=False,
        )

        # grad_w = x.T @ grad
        # Result is (in, out), naturally matching weight storage. No final .T needed.
        grad_w = torch._scaled_mm(
            x_f8.T.contiguous(),
            grad_f8.T.contiguous().T,
            out_dtype=torch.float32,
            scale_a=x_scale,
            scale_b=grad_scale,
            use_fast_accum=False,
        )

        return grad_x, grad_w

    grad_x, grad_w = impl(g, x_f8, w_f8)

    return grad_x, grad_w

@mm_t_backward_op.register_fake
def _(g: Tensor, x_f8: Tensor, w_f8: Tensor, *_):
    return x_f8.to(torch.bfloat16), w_f8.to(torch.float32)

def backward_t(ctx, grad_out: Tensor, *_):
    x_f8, w_f8 = ctx.saved_tensors
    x_s, w_s, grad_s = ctx.scales
    grad_x, grad_w = torch.ops.nanogpt.mm_t_backward(
        grad_out, x_f8, w_f8, x_s, w_s, grad_s
    )
    return grad_x, grad_w, None, None, None

def setup_context_t(ctx: torch.autograd.function.FunctionCtx, inputs, output):
    *_, x_s, w_s, grad_s = inputs
    _, x_f8, w_f8 = output
    ctx.save_for_backward(x_f8, w_f8)
    ctx.scales = x_s, w_s, grad_s
    ctx.set_materialize_grads(False)

mm_t_op.register_autograd(backward_t, setup_context=setup_context_t)

# -----------------------------------------------------------------------------
# Polar Express

# Computed for num_iters=5, safety_factor=2e-2, cushion=2
polar_express_coeffs = [
    (8.156554524902461, -22.48329292557795, 15.878769915207462),
    (4.042929935166739, -2.808917465908714, 0.5000178451051316),
    (3.8916678022926607, -2.772484153217685, 0.5060648178503393),
    (3.285753657755655, -2.3681294933425376, 0.46449024233003106),
    (2.3465413258596377, -1.7097828382687081, 0.42323551169305323)
]

@torch.compile(dynamic=False, fullgraph=True) # Must use dynamic=False or else it's much slower
def polar_express(G: torch.Tensor, split_baddbmm: bool = False):
    """
    Polar Express Sign Method: https://arxiv.org/pdf/2505.16932
    by Noah Amsel, David Persson, Christopher Musco, Robert M. Gower.
    """
    X = G.bfloat16()
    if G.size(-2) > G.size(-1):
        X = X.mT

    # Ensure spectral norm is at most 1
    X = X / (X.norm(dim=(-2, -1), keepdim=True) * (1 + 2e-2) + 1e-6)

    # Allocate buffers
    X = X.contiguous()
    A = torch.empty((*X.shape[:-1], X.size(-2)), device=X.device, dtype=X.dtype)
    B = torch.empty_like(A)
    C = torch.empty_like(X)

    # Select batched vs unbatched
    if split_baddbmm:
        BX_matmul = torch.bmm if X.ndim > 2 else torch.mm
    else:
        aX_plus_BX = torch.baddbmm if X.ndim > 2 else torch.addmm

    # Perform the iterations
    for a, b, c in polar_express_coeffs:
        XXT(X, out=A)  # A = X @ X.mT
        ba_plus_cAA(A, alpha=c, beta=b, out=B)  # B = b * A + c * A @ A

        # Referencing X twice causes pytorch to make a defensive copy,
        # resulting in a cudaMemcpyAsync in baddbmm.
        # For large matrices (i.e., the mlp weights), it's faster to split
        # the operation into two kernels to avoid this.
        if split_baddbmm:
            BX_matmul(B, X, out=C)  # C = B @ X
            C.add_(X, alpha=a)      # C = C + a*X  (in-place, X only read)
        else:
            aX_plus_BX(X, B, X, beta=a, out=C)  # C = a * X + B @ X

        X, C = C, X  # Swap references to avoid unnecessary copies

    if G.size(-2) > G.size(-1):
        X = X.mT
    return X

# -----------------------------------------------------------------------------
# Sparse Comms for bigram embedding gradient reduce-scatter
def _sparse_comms_active():
    # we count on this in order for sparse communication to be worthwhile
    return world_size == 8 and grad_accum_steps == 1

@torch.no_grad
def sparse_comms_start(idxes_np, N, rank, world, send_idxes_buffer):
    rows_per_rank = N // world

    # queue upload of indexes to gpu
    send_idxes = send_idxes_buffer[:idxes_np.shape[0]]
    send_idxes.copy_(torch.from_numpy(idxes_np))
    send_idxes = send_idxes.to(device, non_blocking=True)

    # calculate how many gradient rows we will send to every rank
    insertion_points = np.searchsorted(
        idxes_np,
        np.arange(0, rows_per_rank * (world + 1), rows_per_rank, dtype=np.int32),
    )
    send_counts = torch.from_numpy(insertion_points[1:] - insertion_points[:-1])
    # zero-out own send-count - we won't send our own gradient rows to ourselves as it's a waste:
    # in sparse_comms_merge_gradients, we'll use the slice of the gradient that already includes them as the base tensor
    send_counts[rank] = 0

    # remove indexes owned by our rank from the send list
    send_idxes = torch.cat([send_idxes[: insertion_points[rank]], send_idxes[insertion_points[rank + 1] :]])

    # share the send counts so that each rank will know how many rows
    # to expect from every other rank
    recv_counts = torch.empty_like(send_counts)
    recv_counts_fut = dist.all_to_all_single(recv_counts, send_counts, async_op=True).get_future()
    return send_idxes, send_counts, recv_counts, recv_counts_fut

@torch.no_grad
def sparse_comms_share_indexes(send_idxes, send_counts, recv_counts):
    # cpu tensors, so these ops are cheap and don't force a host<->device sync
    total_recv_count = recv_counts.sum().item()
    recv_counts = recv_counts.tolist()
    send_counts = send_counts.tolist()

    # queue sharing of row indexes
    recv_idxes = torch.empty(total_recv_count, dtype=torch.int32, device=device)
    idxes_fut = dist.all_to_all_single(
        recv_idxes,
        send_idxes,
        output_split_sizes=recv_counts,
        input_split_sizes=send_counts,
        async_op=True,
    ).get_future()

    sparse_state = {
        "send_idxes": send_idxes,
        "send_counts": send_counts,
        "recv_counts": recv_counts, # list for sharing
    }
    return recv_idxes, sparse_state, idxes_fut

@torch.compile
@torch.no_grad
def sparse_comms_share_gradients(grad, idxes, send_counts, recv_counts):
    # gather the rows that we want to send
    send_vals = grad[idxes]

    d = grad.shape[1]

    send_sizes = [i*d for i in send_counts]
    recv_sizes = [i*d for i in recv_counts]

    recv_vals = torch.empty(sum(recv_sizes), device=send_vals.device, dtype=grad.dtype)

    val_fut = dist.all_to_all_single(
        recv_vals,
        send_vals.view(-1),
        input_split_sizes=send_sizes,
        output_split_sizes=recv_sizes,
        async_op=True,
    ).get_future()

    return recv_vals, val_fut

@torch.no_grad
def sparse_comms_merge_gradients(grad, recv_idx, recv_vals, rank, world):
    d = grad.shape[1]
    rows_per_rank = grad.shape[0] // world

    grad.index_add_(0, recv_idx, recv_vals.view(-1, d))

    # return the slice of the gradient for parameters our rank updates
    return grad[rows_per_rank * rank : rows_per_rank * (rank + 1)].mul_((1 / world))


# -----------------------------------------------------------------------------
# Combined NorMuon + Adam Optimizer

@dataclass
class ParamConfig:
    """Per-parameter configuration for NorMuonAndAdam optimizer."""
    label: str
    optim: str  # "adam" or "normuon"
    comms: str  # "none", "replicated", "sharded" or "sharded_sparse"
    adam_betas: tuple[float, float] | None
    lr_mul: float
    wd_mul: float
    lr: float
    initial_lr: float
    weight_decay: float
    # Adam-specific
    eps: float | None = None
    # NorMuon-specific
    reshape: tuple | None = None
    chunk_size: int | None = None
    momentum: float | None = None
    beta2: float | None = None
    per_matrix_lr_mul: list[float] | None = None


class NorMuonAndAdam:
    """
    Combined optimizer that handles both NorMuon (for projection matrices) and
    Adam (for embeddings/scalars/gate weights).

    Muon - MomentUm Orthogonalized by Newton-schulz

    https://kellerjordan.github.io/posts/muon/

    Muon internally runs standard SGD-momentum, and then performs an orthogonalization post-
    processing step, in which each 2D parameter's update is replaced with the nearest orthogonal
    matrix. To efficiently orthogonalize each update, Muon uses a Newton-Schulz iteration (replaced
    here with Polar Express), which has the advantage that it can be stably run in bfloat16 on the GPU.

    Muon is applied only to the projection matrices in the attention and MLP layers, and is not recommended
    for embeddings, scalars, or individual weight vectors (e.g., bias terms or gate weights).

    Differences from standard Muon:
    - Newton-Shulz is replaced with Polar Express for the orthogonalization step
    - NorMuon adds a low-rank variance estimator similar to Adafactor. https://arxiv.org/pdf/2510.05491
    - Cautious weight decay, a gated version of decoupled weight decay
    - Mantissa tracking for precision

    Adam (for embeddings/scalars/gates):
    - Standard Adam with bias correction
    - Cautious weight decay

    Configuration:
    Unlike torch.optim.Optimizer, this class uses per-parameter configs from a `param_table` dict
    and does not include parameter "groups". All parameters require a .label attribute, and a
    corresponding entry in the param_table to specify their hyperparameters (lr_mul, wd_mul, adam_betas, etc.).

    Communication and ordering:
    Gradient communication is explicitly scheduled rather than hook-driven.
    Reductions are launched in `scatter_order`, while update math and final
    gathers are executed in `work_order`. These orders are independent and
    must each contain every parameter label exactly once.

    Two communication modes are supported per parameter:
    - 'replicated': Gradients are all-reduced and each rank computes the full update.
    - 'sharded': Gradients are reduce-scattered, each rank updates its shard,
      and results are all-gathered.

    Adam parameters may be freely sharded. NorMuon operates on full matrices; sharding is
    supported by grouping matrices into parameter banks. NorMuon parameters must have a
    `.reshape` attribute that reshapes the bank so that the leading dimension is divisible
    by world_size.

    # Contributors include @YouJiacheng, @KonstantinWilleke, @alexrgilbert, @adricarda,
    # @tuttyfrutyee, @vdlad, @ryanyang0, @vagrawal, @varunneal, @chrisjmccormick
    """
    def __init__(self, named_params, param_table: dict, scatter_order: list, work_order: list,
                 adam_defaults: dict, normuon_defaults: dict):
        self.world_size = dist.get_world_size() if dist.is_initialized() else 1

        # Store defaults for each optimizer type
        self.adam_defaults = adam_defaults
        self.normuon_defaults = normuon_defaults
        self.param_table = param_table
        self.scatter_order = scatter_order
        self.work_order = work_order

        # Collect params by label and build config
        self.param_cfgs: dict[nn.Parameter, ParamConfig] = {}
        self.param_states: dict[nn.Parameter, dict] = {}
        self._param_by_label: dict[str, nn.Parameter] = {}
        for name, param in named_params:
            label = getattr(param, "label", None)
            assert label is not None and label in param_table  # all params must have valid label
            assert label not in self._param_by_label  # exactly one param per label
            self._param_by_label[label] = param
            self._build_param_cfg(param, label)

        # Assert scatter_order and work_order match present labels exactly
        present = set(self._param_by_label.keys())
        assert set(scatter_order) == present and set(work_order) == present

        # Handle world_size=1: overwrite comms to "none"
        if self.world_size == 1:
            for p_cfg in self.param_cfgs.values():
                p_cfg.comms = "none"

        # Initialize state for all params
        self._init_state()

        # 0-D CPU tensors to avoid recompilation
        self._step_size_t = torch.tensor(0.0, dtype=torch.float32, device="cpu")
        self._eff_wd_t = torch.tensor(0.0, dtype=torch.float32, device="cpu")
        self._eff_lr_t = torch.tensor(0.0, dtype=torch.float32, device="cpu")

        # Track async operations
        self._reduce_futures: dict[nn.Parameter, tuple] = {}
        self._sparse_async_data: dict[nn.Parameter, list] = {}

        # Embed/lm_head tying state
        self.split_embed = False
        self._lm_head_param = self._param_by_label.get("lm_head")
        self._embed_param = self._param_by_label.get("embed")

    def _build_param_cfg(self, param: nn.Parameter, label: str):
        """Build config for a single parameter from param_table."""
        table_entry = self.param_table[label]
        optim = table_entry["optim"]
        comms = table_entry["comms"]
        if comms == "sharded_sparse" and not _sparse_comms_active():
            comms = "sharded"
        adam_betas = table_entry.get("adam_betas")
        lr_mul = table_entry.get("lr_mul", 1.0)
        wd_mul = table_entry.get("wd_mul", 1.0)

        if optim == "adam":
            chunk_size = param.shape[0] // self.world_size if comms.startswith("sharded") else None
            p_cfg = ParamConfig(
                label=label,
                optim=optim,
                comms=comms,
                adam_betas=tuple(adam_betas) if adam_betas else None,
                lr_mul=lr_mul,
                wd_mul=wd_mul,
                lr=self.adam_defaults["lr"],
                initial_lr=self.adam_defaults["lr"],
                weight_decay=self.adam_defaults["weight_decay"],
                eps=self.adam_defaults["eps"],
                chunk_size=chunk_size,
            )
        elif optim == "normuon":
            reshape = getattr(param, "reshape", None)
            if reshape is None:
                raise ValueError(f"NorMuon param {label} must have .reshape attribute")
            if reshape[0] % self.world_size != 0:
                raise ValueError(f"reshape[0]={reshape[0]} must be divisible by world_size")

            chunk_size = reshape[0] // self.world_size
            chunk_shape = (chunk_size, *reshape[1:])
            # Shape-based LR multiplier for NorMuon
            shape_mult = max(1.0, chunk_shape[-2] / chunk_shape[-1]) ** 0.5 if len(chunk_shape) >= 2 else 1.0
            lr_mul = shape_mult * lr_mul

            # Per-matrix LR multipliers for MLP c_proj (2x LR on odd indices)
            per_matrix_lr_mul = None
            if label == "mlp":
                rank = dist.get_rank() if dist.is_initialized() else 0
                start_idx = rank * chunk_size
                per_matrix_lr_mul = []
                for i in range(chunk_size):
                    global_idx = start_idx + i
                    is_c_proj = (global_idx % 2 == 1)
                    per_matrix_lr_mul.append(2.0 if is_c_proj else 1.0)

            p_cfg = ParamConfig(
                label=label,
                optim=optim,
                comms=comms,
                adam_betas=tuple(adam_betas) if adam_betas else None,
                lr_mul=lr_mul,
                wd_mul=wd_mul,
                lr=self.normuon_defaults["lr"],
                initial_lr=self.normuon_defaults["lr"],
                weight_decay=self.normuon_defaults["weight_decay"],
                reshape=reshape,
                chunk_size=chunk_size,
                momentum=self.normuon_defaults["momentum"],
                beta2=self.normuon_defaults["beta2"],
                per_matrix_lr_mul=per_matrix_lr_mul,
            )
        else:
            raise ValueError(f"Unknown optim type: {optim}")

        self.param_cfgs[param] = p_cfg

    def _init_state(self):
        """Initialize optimizer state for all parameters."""
        for param, p_cfg in self.param_cfgs.items():
            if p_cfg.optim == "adam":
                # Sharded params use chunk state, replicated use full state
                if p_cfg.comms.startswith("sharded"):
                    chunk = param[:p_cfg.chunk_size]
                else:
                    chunk = param
                exp_avg = torch.zeros_like(chunk, dtype=torch.float32, device=param.device)
                self.param_states[param] = dict(step=0, exp_avg=exp_avg, exp_avg_sq=torch.zeros_like(exp_avg))

            elif p_cfg.optim == "normuon":
                chunk_shape = (p_cfg.chunk_size, *p_cfg.reshape[1:])

                # Momentum buffer (FP32 for precision)
                momentum_buffer = torch.zeros(
                    chunk_shape, dtype=torch.float32, device=param.device
                )

                # Second momentum buffer - reduced along one dimension
                if chunk_shape[-2] >= chunk_shape[-1]:
                    second_mom_shape = (*chunk_shape[:-1], 1)
                else:
                    second_mom_shape = (*chunk_shape[:-2], 1, chunk_shape[-1])
                second_momentum_buffer = torch.zeros(
                    second_mom_shape, dtype=torch.float32, device=param.device
                )

                # Mantissa buffer for precision tracking
                mantissa = torch.zeros(
                    chunk_shape, dtype=torch.uint16, device=param.device
                )

                self.param_states[param] = dict(
                    momentum_buffer=momentum_buffer,
                    second_momentum_buffer=second_momentum_buffer,
                    mantissa=mantissa,
                )

    # -----------------------------------
    # Reduce/Gather operations

    def _launch_reduce(self, param: nn.Parameter, grad: Tensor):
        """Launch async reduce for a parameter based on its comms policy."""
        p_cfg = self.param_cfgs[param]

        if p_cfg.comms == "none":
            if p_cfg.optim == "normuon":
                # NorMuon needs reshaped gradient even without communication
                grad = grad.view(p_cfg.reshape)
            self._reduce_futures[param] = (None, grad)
        elif p_cfg.comms == "replicated":
            future = dist.all_reduce(grad, op=dist.ReduceOp.AVG, async_op=True).get_future()
            self._reduce_futures[param] = (future, grad)
        elif p_cfg.comms == "sharded":
            if p_cfg.optim == "normuon":
                # NorMuon: reshape before reduce_scatter
                grad_reshaped = grad.view(p_cfg.reshape)
                grad_chunk = torch.empty(
                    (p_cfg.chunk_size, *grad_reshaped.shape[1:]),
                    dtype=grad.dtype,
                    device=grad.device
                )
                future = dist.reduce_scatter_tensor(
                    grad_chunk, grad_reshaped.contiguous(), op=dist.ReduceOp.AVG, async_op=True
                ).get_future()
                self._reduce_futures[param] = (future, grad_chunk)
            else:
                # Adam: simple reduce_scatter
                grad_chunk = torch.empty_like(grad[:p_cfg.chunk_size])
                future = dist.reduce_scatter_tensor(
                    grad_chunk, grad, op=dist.ReduceOp.AVG, async_op=True
                ).get_future()
                self._reduce_futures[param] = (future, grad_chunk)
        elif p_cfg.comms == "sharded_sparse":
            sparse_state = self._sparse_async_data[param]
            send_idxes = sparse_state["send_idxes"]
            send_counts = sparse_state["send_counts"]
            recv_counts = sparse_state["recv_counts"]
            recv_vals, val_fut = sparse_comms_share_gradients(
                grad, send_idxes, send_counts, recv_counts
            )
            self._reduce_futures[param].extend((val_fut, recv_vals))

    def _launch_gather(self, param: nn.Parameter, p_slice: Tensor) -> "torch.futures.Future":
        """Launch async all_gather for a sharded parameter."""
        p_cfg = self.param_cfgs[param]
        if p_cfg.optim == "normuon":
            full_param = param.data.view(p_cfg.reshape)
            assert full_param.is_contiguous()
            return dist.all_gather_into_tensor(
                full_param, p_slice.contiguous(), async_op=True
            ).get_future()
        else:
            return dist.all_gather_into_tensor(
                param, p_slice.contiguous(), async_op=True
            ).get_future()

    # -----------------------------------
    # State management

    def reset(self):
        """Reset NorMuon momentum buffers and split_embed state (called on training reset)."""
        self.split_embed = False
        for param, p_cfg in self.param_cfgs.items():
            if p_cfg.optim == "normuon":
                p_state = self.param_states[param]
                p_state["momentum_buffer"].zero_()
                p_state["mantissa"].zero_()
                p_state["second_momentum_buffer"].zero_()

    def copy_lm_state_to_embed(self):
        """
        Copy the optimizer state from the lm_head to the embed at the untie point.
        This requires an all-gather + reshard because of different sharding:
        - lm_head (768, 50304) is sharded to (96, 50304) per rank (along model_dim)
        - embed (50304, 768) is sharded to (6288, 768) per rank (along vocab_size)

        We all-gather the lm_head momentum, transpose it, then each rank takes their
        embed shard to get the correct momentum state.
        """
        lm_head = self._lm_head_param
        embed = self._embed_param
        lm_state = self.param_states[lm_head]
        embed_state = self.param_states[embed]
        lm_cfg = self.param_cfgs[lm_head]
        embed_cfg = self.param_cfgs[embed]

        embed_state['step'] = lm_state['step'] # Preserve step count for bias correction

        # Copy optimizer state with all-gather + transpose + reshard
        if self.world_size > 1:
            rank = dist.get_rank()
            lm_chunk_size = lm_cfg.chunk_size  # 96
            embed_chunk_size = embed_cfg.chunk_size  # 6288

            # All-gather lm_head momentum to get full (768, 50304) tensor
            for key in ["exp_avg", "exp_avg_sq"]:
                lm_chunk = lm_state[key]  # (96, 50304)
                full_lm = torch.empty(lm_head.shape[0], lm_head.shape[1], dtype=lm_chunk.dtype, device=lm_chunk.device)
                dist.all_gather_into_tensor(full_lm, lm_chunk.contiguous())
                embed_state[key].copy_(full_lm.T[rank * embed_chunk_size:(rank + 1) * embed_chunk_size])
        else:
            # Single GPU: simple transpose
            for key in ["exp_avg", "exp_avg_sq"]:
                embed_state[key].copy_(lm_state[key].T)

        # Mark as split
        self.split_embed = True

    def state_dict(self):
        """Return the optimizer state as a dict."""
        return {
            "param_states": {id(p): s for p, s in self.param_states.items()},
            "param_cfgs": {id(p): s for p, s in self.param_cfgs.items()},
        }

    def load_state_dict(self, state_dict):
        """Load optimizer state from a dict."""
        # Build id->param mapping
        id_to_param = {id(p): p for p in self.param_cfgs.keys()}

        # Load state, preserving dtypes
        for param_id, saved_p_state in state_dict["param_states"].items():
            if param_id in id_to_param:
                param = id_to_param[param_id]
                p_state = self.param_states[param]
                for k, v in saved_p_state.items():
                    if isinstance(v, torch.Tensor) and k in p_state:
                        target_dtype = p_state[k].dtype
                        p_state[k] = v.to(dtype=target_dtype, device=p_state[k].device)
                    else:
                        p_state[k] = v

    # -----------------------------------
    # Unified optimizer step with explicit ordering

    @torch.no_grad()
    def step(self, do_adam: bool = True):
        """
        Combined optimizer step with explicit ordering.

        Args:
            do_adam: If True, update Adam params. NorMuon params always updated.

        Flow:
        1. Scatter phase: Launch reduces in scatter_order
        2. Work phase: Process updates in work_order
           - Wait for reduce, compute update, launch gather
        3. Finalize phase: Wait for gathers

        While the embeddings are tied:
        - Comms and update math are only done on lm_head.
        - We add embed.grad.T into lm_head.grad before comms.
        - After lm_head gather, we copy lm_head.data.T --> embed.data
        """
        rank = dist.get_rank() if dist.is_initialized() else 0
        lm_param, embed_param = self._lm_head_param, self._embed_param

        # ===== Phase 1: Launch reduces in scatter_order =====
        for label in self.scatter_order:
            param = self._param_by_label[label]
            p_cfg = self.param_cfgs[param]

            if p_cfg.optim == "adam" and not do_adam:
                continue
            if param.grad is None:
                continue

            # lm_head when tied: aggregate embed.grad.T (transposed shapes)
            if label == "lm_head" and do_adam and not self.split_embed:
                if embed_param is not None and embed_param.grad is not None:
                    param.grad.add_(embed_param.grad.T)

            # Skip embed when tied (copied from lm_head after gather)
            if label == "embed" and not self.split_embed:
                continue

            self._launch_reduce(param, param.grad)

        # ===== Phase 2: Process updates in work_order =====
        gather_futures = []
        lm_head_gather_future = None

        for label in self.work_order:
            param = self._param_by_label[label]
            if param not in self._reduce_futures:
                continue

            p_cfg = self.param_cfgs[param]
            if p_cfg.optim == "adam" and not do_adam:
                continue
            # Wait for reduce
            if p_cfg.comms != "sharded_sparse":
                future, grad_chunk = self._reduce_futures[param]
                if future is not None:
                    future.wait()
            else:
                idxes_fut, recv_idxes, recv_fut, recv_vals = self._reduce_futures[param]
                idxes_fut.wait()
                recv_fut.wait()

                grad_chunk = sparse_comms_merge_gradients(param.grad, recv_idxes, recv_vals, rank, world_size)

            # Apply update based on optim type
            if p_cfg.optim == "adam":
                p_slice = self._adam_update(param, grad_chunk, p_cfg, rank)
            else:
                p_slice = self._normuon_update(param, grad_chunk, p_cfg, rank)
            # Launch gather for sharded params
            if p_cfg.comms.startswith("sharded") and self.world_size > 1:
                gather_fut = self._launch_gather(param, p_slice)
                if label == "lm_head":
                    lm_head_gather_future = gather_fut
                else:
                    gather_futures.append(gather_fut)

        # ===== Phase 3: Wait for gathers, sync embed if tied =====
        # Wait for lm_head gather first so we can copy to embed while other gathers complete
        if lm_head_gather_future is not None:
            lm_head_gather_future.wait()

        # When tied: copy lm_head.T to embed
        if do_adam and not self.split_embed and embed_param is not None and lm_param is not None:
            embed_param.data.copy_(lm_param.data.T)

        # Wait for remaining gathers
        for fut in gather_futures:
            fut.wait()

        self._reduce_futures.clear()
        self._sparse_async_data.clear()

        # Clear grads for updated params
        for param, p_cfg in self.param_cfgs.items():
            if p_cfg.optim == "adam" and not do_adam:
                continue  # Don't clear Adam grads on even steps
            param.grad = None

    # -----------------------------------
    # Adam update

    def _adam_update(self, param: nn.Parameter, grad_chunk: Tensor, p_cfg: ParamConfig, rank: int) -> Tensor:
        """Apply Adam update to a parameter. Returns the updated p_slice."""
        beta1, beta2 = p_cfg.adam_betas
        lr = p_cfg.lr * p_cfg.lr_mul

        # Get parameter slice
        if p_cfg.comms.startswith("sharded"):
            p_slice = param[rank * p_cfg.chunk_size:(rank + 1) * p_cfg.chunk_size]
        else:
            p_slice = param

        p_state = self.param_states[param]
        p_state["step"] += 1
        t = p_state["step"]

        bias1, bias2 = 1 - beta1 ** t, 1 - beta2 ** t
        self._step_size_t.fill_(lr * (bias2 ** 0.5 / bias1))
        self._eff_wd_t.fill_(lr * lr * p_cfg.weight_decay * p_cfg.wd_mul)

        NorMuonAndAdam._adam_update_step(
            p_slice, grad_chunk, p_state["exp_avg"], p_state["exp_avg_sq"],
            beta1, beta2, p_cfg.eps, self._step_size_t, self._eff_wd_t
        )

        return p_slice

    @staticmethod
    @torch.compile(dynamic=False, fullgraph=True)
    def _adam_update_step(p_slice, g_slice, exp_avg, exp_avg_sq, beta1, beta2, eps, step_size_t, eff_wd_t):
        """Compiled Adam update step."""
        exp_avg.mul_(beta1).add_(g_slice, alpha=1 - beta1)
        exp_avg_sq.mul_(beta2).addcmul_(g_slice, g_slice, value=1 - beta2)
        update = exp_avg.div(exp_avg_sq.sqrt().add_(eps)).mul_(step_size_t)
        # Cautious weight decay
        mask = (update * p_slice) > 0
        update.addcmul_(p_slice, mask, value=eff_wd_t)
        p_slice.add_(other=update, alpha=-1.0)

    # -----------------------------------
    # NorMuon update

    def _normuon_update(self, param: nn.Parameter, grad_chunk: Tensor, p_cfg: ParamConfig, rank: int) -> Tensor:
        """Apply NorMuon update to a parameter. Returns the updated p_slice."""
        chunk_shape = grad_chunk.shape

        p_state = self.param_states[param]
        grad_chunk = grad_chunk.float()  # FP32 for momentum

        # Momentum update
        momentum_buffer = p_state["momentum_buffer"]
        momentum_buffer.lerp_(grad_chunk, 1 - p_cfg.momentum)
        updated_grads = grad_chunk.lerp_(momentum_buffer, p_cfg.momentum)

        self._eff_lr_t.fill_(p_cfg.lr_mul * p_cfg.lr)
        self._eff_wd_t.fill_(p_cfg.wd_mul * p_cfg.weight_decay * p_cfg.lr)

        # Polar Express orthogonalization
        is_large_matrix = chunk_shape[-2] > 1024
        v_chunk = polar_express(updated_grads, split_baddbmm=is_large_matrix)

        # Variance reduction
        red_dim = -1 if chunk_shape[-2] >= chunk_shape[-1] else -2
        v_chunk = NorMuonAndAdam._apply_normuon_variance_reduction(
            v_chunk, p_state["second_momentum_buffer"], p_cfg.beta2, red_dim
        )

        # Update parameter, in place, with cautious weight decay
        param_view = param.data.view(p_cfg.reshape)
        p_slice = param_view[rank * p_cfg.chunk_size:(rank + 1) * p_cfg.chunk_size]

        # MLP has per-matrix LR multipliers (c_proj gets 2x LR)
        if p_cfg.per_matrix_lr_mul is not None:
            for mat_idx in range(p_cfg.chunk_size):
                self._eff_lr_t.fill_(p_cfg.lr_mul * p_cfg.per_matrix_lr_mul[mat_idx] * p_cfg.lr)
                self._eff_wd_t.fill_(p_cfg.wd_mul * p_cfg.weight_decay * p_cfg.lr)
                NorMuonAndAdam._cautious_wd_and_update_inplace(
                    p_slice[mat_idx].view(torch.uint16), p_state["mantissa"][mat_idx], v_chunk[mat_idx],
                    self._eff_wd_t, self._eff_lr_t
                )
        else:
            NorMuonAndAdam._cautious_wd_and_update_inplace(
                p_slice.view(torch.uint16), p_state["mantissa"], v_chunk,
                self._eff_wd_t, self._eff_lr_t
            )

        return p_slice

    @staticmethod
    @torch.compile(dynamic=False, fullgraph=True)
    def _cautious_wd_and_update_inplace(p, mantissa, grad, wd_tensor, lr_tensor):
        """
        Cautious weight decay + parameter update. wd_tensor and lr_tensor are 0-D CPU tensors.
        Mantissa is tracked to enable higher precision updates on bfloat16 parameters.
        bfloat16 format: 1 sign bit + 8 exponent bits + 7 mantissa bits = 16 bits total
        float32 format: 1 sign bit + 8 exponent bits + 23 mantissa bits = 32 bits total
        """
        assert p.dtype == mantissa.dtype == torch.uint16
        grad = grad.float()
        wd_factor = wd_tensor.to(torch.float32)
        lr_factor = lr_tensor.to(torch.float32)
        p_precise_raw = (p.to(torch.uint32) << 16) | mantissa.to(torch.uint32)
        p_precise = p_precise_raw.view(torch.float32)
        mask = (grad * p_precise) >= 0
        p_precise.copy_(p_precise - (p_precise * mask * wd_factor * lr_factor) - (grad * lr_factor))
        p.copy_((p_precise_raw >> 16).to(torch.uint16))
        mantissa.copy_(p_precise_raw.to(torch.uint16))

    @staticmethod
    @torch.compile(dynamic=False, fullgraph=True)
    def _apply_normuon_variance_reduction(v_chunk, second_momentum_buffer, beta2, red_dim):
        """NorMuon variance reduction. Algebraically fuses the normalization steps to minimize memory ops."""
        v_mean = v_chunk.float().square().mean(dim=red_dim, keepdim=True)
        red_dim_size = v_chunk.size(red_dim)
        v_norm_sq = v_mean.sum(dim=(-2, -1), keepdim=True).mul_(red_dim_size)
        v_norm = v_norm_sq.sqrt_()
        second_momentum_buffer.lerp_(v_mean.to(dtype=second_momentum_buffer.dtype), 1 - beta2)
        step_size = second_momentum_buffer.clamp_min(1e-10).rsqrt_()
        scaled_sq_sum = (v_mean * red_dim_size) * step_size.float().square()
        v_norm_new = scaled_sq_sum.sum(dim=(-2, -1), keepdim=True).sqrt_()
        final_scale = step_size * (v_norm / v_norm_new.clamp_min_(1e-10))
        return v_chunk.mul_(final_scale.type_as(v_chunk))

# -----------------------------------------------------------------------------
# PyTorch nn.Module definitions for the model

def norm(x: Tensor):
    return F.rms_norm(x, (x.size(-1),))


class CastedLinearT(nn.Module):
    """
    Linear layer with transposed weight storage (in_features, out_features) which
    addresses the slow kernel that was used for gradient accumulation. @chrisjmccormick
    """
    def __init__(self, in_features: int, out_features: int, use_fp8=False, x_s=1.0, w_s=1.0, grad_s=1.0):
        super().__init__()
        self.in_features = in_features
        self.out_features = out_features
        self.use_fp8 = use_fp8
        self.x_s = x_s
        self.w_s = w_s
        self.grad_s = grad_s

        self.weight = nn.Parameter(torch.empty(in_features, out_features, dtype=torch.bfloat16))
        self.reset_parameters()

    def reset_parameters(self) -> None:
        with torch.no_grad():
            nn.init.zeros_(self.weight) # @Grad62304977 and others

    def forward(self, x: Tensor):
        if self.use_fp8 and self.training:
            _x = x.flatten(0, -2)
            out = torch.ops.nanogpt.mm_t(_x, self.weight, x_s=self.x_s, w_s=self.w_s, grad_s=self.grad_s)[0]
            return out.reshape(*x.shape[:-1], -1)
        else:
            return x @ self.weight.type_as(x)

# -----------------------------------------------------------------------------
# PyTorch nn.Module definitions for the model

class Yarn(nn.Module):
    def __init__(self, head_dim, max_seq_len, paired=False):
        super().__init__()
        self.head_dim = head_dim
        self.max_seq_len = max_seq_len
        self.paired = paired
        self.reset()

    def rotary(self, x_BTHD):
        assert self.factor1.size(0) >= x_BTHD.size(-3)
        factor1, factor2 = (
            self.factor1[None, : x_BTHD.size(-3), None, :],
            self.factor2[None, : x_BTHD.size(-3), None, :],
        )
        x_flip = x_BTHD.view(*x_BTHD.shape[:-1], x_BTHD.shape[-1] // 2, 2).flip(-1).view(x_BTHD.shape)
        return factor1 * x_BTHD + factor2 * x_flip

    def reset(self):
        angular_freq = (1 / 1024) ** torch.linspace(0, 1, steps=self.head_dim//4, dtype=torch.float32, device=device)
        angular_freq = angular_freq.repeat_interleave(2)
        # half-truncate RoPE by @YouJiacheng (w/ base freq tuning)
        angular_freq = torch.cat([angular_freq, angular_freq.new_zeros(self.head_dim//2)])
        t = torch.arange(2*self.max_seq_len, dtype=torch.float32, device=device)
        if not self.paired:
            theta = torch.outer(t, angular_freq)
            self.factor1 = nn.Buffer(
                theta.cos().to(torch.bfloat16), persistent=False
            )
            self.factor2 = nn.Buffer(
                theta.sin().to(torch.bfloat16), persistent=False
            )
        else:
            t_even = 2 * t
            t_odd = 2 * t + 1
            theta1 = torch.outer(t_even, angular_freq)
            theta2 = torch.outer(t_odd, angular_freq)
            self.factor1 = nn.Buffer(
                torch.cat((theta1.cos(), theta2.cos()), dim=-1).to(torch.bfloat16),
                persistent=False
            )
            self.factor2 = nn.Buffer(
                torch.cat((theta1.sin(), theta2.sin()), dim=-1).to(torch.bfloat16),
                persistent=False
            )
        self.factor2[..., 1::2] *= -1
        self.angular_freq = angular_freq
        # start with 0.1, inspired by 0.12 from @leloykun and learnable scalars used by @brendanh0gan https://x.com/hi_tysam/status/1879693583898591283
        self.attn_scale = 0.1

    def apply(self, old_window: int, new_window: int, alpha: int=1, beta: int=32):
        rotations = old_window * self.angular_freq / (2 * torch.pi)
        scaling_factor = old_window / new_window
        interpolation_weight = torch.clamp((rotations - alpha) / (beta - alpha), 0, 1)
        self.angular_freq *= scaling_factor + interpolation_weight * (1 - scaling_factor)
        t = torch.arange(2*self.max_seq_len, dtype=torch.float32, device=self.angular_freq.device)
        if not self.paired:
            theta = torch.outer(t, self.angular_freq)
            self.factor1.copy_(theta.cos())
            self.factor2.copy_(theta.sin())
        else:
            t_even = 2 * t
            t_odd = 2 * t + 1
            theta1 = torch.outer(t_even, self.angular_freq)
            theta2 = torch.outer(t_odd, self.angular_freq)
            self.factor1.copy_(torch.cat((theta1.cos(), theta2.cos()), dim=-1))
            self.factor2.copy_(torch.cat((theta1.sin(), theta2.sin()), dim=-1))
        self.factor2[..., 1::2] *= -1
        self.attn_scale *= 0.2 * math.log(new_window / old_window) + 1

@dataclass
class AttnArgs:
    ve: torch.Tensor
    sa_lambdas: torch.Tensor
    seqlens: torch.Tensor
    bm_size: int
    yarn: Yarn
    key_offset: bool
    attn_gate_w: torch.Tensor
    ve_gate_w: torch.Tensor
    train_max_seq_len: torch.Tensor

flash_attn_interface = get_kernel('varunneal/flash-attention-3').flash_attn_interface

class CausalSelfAttention(nn.Module):
    def __init__(self, dim: int, head_dim: int, num_heads: int, paired: bool = False):
        super().__init__()
        self.num_heads = num_heads
        self.head_dim = head_dim
        self.dim = dim
        self.hdim = num_heads * head_dim
        self.paired = paired
        assert self.hdim == self.dim, "num_heads * head_dim must equal model_dim"
        # Weights are stored in parameter banks and passed via forward()

    def forward(self, x: Tensor, attn_args: AttnArgs, qkvo_w: Tensor):
        B, T = x.size(0), x.size(1) # batch size, sequence length
        assert B == 1, "varlen sequences requires B == 1"
        assert T % 16 == 0
        # unpack attention args
        yarn = attn_args.yarn
        ve, sa_lambdas, key_offset = attn_args.ve, attn_args.sa_lambdas, attn_args.key_offset
        seqlens, bm_size = attn_args.seqlens, attn_args.bm_size
        # sparse gated attention to enable context based no-op by @classiclarryd
        # only include gates on layers with value embeds used on forward pass
        attn_gate_w, ve_gate_w = attn_args.attn_gate_w, attn_args.ve_gate_w
        train_max_seq_len = attn_args.train_max_seq_len

        q, k, v = F.linear(x, sa_lambdas[0] * qkvo_w[:self.dim * 3].type_as(x)).view(B, T, 3 * self.num_heads, self.head_dim).chunk(3, dim=-2)
        max_len = train_max_seq_len if self.training else (args.val_batch_size // (grad_accum_steps * world_size))

        q, k = norm(q), norm(k) # QK norm @Grad62304977

        if not self.paired:
            q, k = yarn.rotary(q), yarn.rotary(k)

            if key_offset:
                # shift keys forward for the stationary head dims. Enables 1-layer induction.
                k[:, 1:, :, self.head_dim // 2:] = k[:, :-1, :, self.head_dim // 2:]

            if ve is not None:
                # gate pattern g(x[:6] + ve[:6]) by @photomz
                ve_gate_out = 2 * torch.sigmoid(F.linear(torch.cat([x[..., :6], ve[None, ..., :6]], dim=-1), ve_gate_w)).view(B, T, self.num_heads, 1)
                v = v + ve_gate_out * ve.view_as(v) # @ KoszarskyB & @Grad62304977

        else:
            # Paired heads: adjacent heads' queries attend to each other's keys.
            # Two copies of the input stream are interleaved to achieve this, which:
            # - doubles the length of each sequence
            # - halves the effective window size
            q = q.view(B, T, self.num_heads // 2, self.head_dim * 2)
            k = k.view(B, T, self.num_heads // 2, self.head_dim * 2)
            v = v.reshape(B, T * 2, self.num_heads // 2, self.head_dim)

            q, k = yarn.rotary(q), yarn.rotary(k)

            q = q.view(B, T * 2, self.num_heads // 2, self.head_dim)
            k = k.view(B, T * 2, self.num_heads // 2, self.head_dim)

            if ve is not None:
                ve_gate_out = 2 * torch.sigmoid(F.linear(x[..., :12], ve_gate_w)).view(B, T * 2, self.num_heads // 2, 1)
                v = v + ve_gate_out * ve.view_as(v)

            seqlens = 2 * seqlens
            max_len = 2 * max_len

        # use flash_attn over flex_attn @varunneal. flash_attn_varlen suggested by @YouJiacheng
        y = flash_attn_interface.flash_attn_varlen_func(q[0], k[0], v[0], cu_seqlens_q=seqlens, cu_seqlens_k=seqlens,
                                                        max_seqlen_q=max_len, max_seqlen_k=max_len,
                                                        causal=True, softmax_scale=yarn.attn_scale, window_size=(bm_size, 0))
        y = y.view(B, T, self.num_heads, self.head_dim)
        y = y * torch.sigmoid(F.linear(x[..., :12], attn_gate_w)).view(B, T, self.num_heads, 1)
        y = y.contiguous().view(B, T, self.num_heads * self.head_dim) # re-assemble all head outputs side by side
        y = F.linear(y, sa_lambdas[1] * qkvo_w[self.dim * 3:].type_as(y))  # sa_lambdas[1] pre-multiplied to O @shenberg
        return y

class MLP(nn.Module):
    def __init__(self):
        super().__init__()
        # Weights are stored in parameter banks and passed via forward()

    def forward(self, x: Tensor, c_fc: Tensor, c_proj: Tensor):
        # relu(x)^2:
        # https://arxiv.org/abs/2109.08668v2; ~1-2% better than GELU; suggested by @SKYLINEZ007 and @Grad62304977
        # Fused triton kernel for relu(x @ W1.T)^2 @ W2.T
        return FusedLinearReLUSquareFunction.apply(x, c_fc, c_proj)

class Block(nn.Module):
    def __init__(self, dim: int, head_dim: int, num_heads: int, has_attn: bool, has_mlp: bool, use_paired_head: bool):
        super().__init__()
        # skip attention of blocks.6 (the 7th layer) by @YouJiacheng
        self.attn = CausalSelfAttention(dim, head_dim, num_heads, paired=use_paired_head) if has_attn else None
        # skip MLP blocks for first MLP layer by @EmelyanenkoK
        self.mlp = MLP() if has_mlp else None

    def forward(self, x: Tensor, attn_args: AttnArgs, qkvo_w: Tensor = None, c_fc: Tensor = None, c_proj: Tensor = None):
        if self.attn is not None:
            x = x + self.attn(norm(x), attn_args, qkvo_w)
        if self.mlp is not None:
            x = x + self.mlp(norm(x), c_fc, c_proj)
        return x

# -----------------------------------------------------------------------------
# The main model

def next_multiple_of_n(v: float | int, *, n: int):
    return next(x for x in range(n, int(v) + 1 + n, n) if x >= v)

@dataclass
class ForwardScheduleConfig:
    mtp_weights: torch.Tensor
    ws_short: int
    ws_long: int
    train_max_seq_len: int

class GPT(nn.Module):
    def __init__(self, vocab_size: int, num_layers: int, num_heads: int, head_dim: int, model_dim: int, max_seq_len: int):
        super().__init__()
        self.num_layers = num_layers
        self.vocab_size = next_multiple_of_n(vocab_size, n=128)

        self.smear_gate = nn.Linear(12, 1, bias=False)
        nn.init.zeros_(self.smear_gate.weight)
        self.smear_gate.weight.label = 'smear_gate'

        self.skip_gate = nn.Linear(12, 1, bias=False)
        nn.init.zeros_(self.skip_gate.weight)
        self.skip_gate.weight.label = 'skip_gate'

        # token value embeddings by @KoszarskyB - inspired by @Grad62304977's value residual implementation following https://arxiv.org/abs/2410.17897
        # value embedding code simplification inspired by @ragulpr https://github.com/KellerJordan/modded-nanogpt/pull/78
        # spherical gaussian init by @photomz
        self.value_embeds = nn.Parameter(0.01 * torch.randn(5 * self.vocab_size, model_dim, dtype=torch.bfloat16))
        self.value_embeds.label = 'value_embed'

        # parameter banks for attention and value embedding gate weights
        self.attn_gate_bank = nn.Parameter(torch.zeros(10, num_heads, 12)) # 10 layers
        self.attn_gate_bank.label = 'attn_gate_bank'
        self.ve_gate_bank = nn.Parameter(torch.zeros(5, num_heads, 12)) # 5 unique gates
        self.ve_gate_bank.label = 've_gate_bank'

        # -----------------------------------
        # Parameter banks for sharded optimization, by @chrisjmccormick

        # Identify which layers have attention/MLP
        # Attention is skipped in layer 6 by @YouJiacheng
        self.attn_layer_indices = [i for i in range(num_layers) if i != 6]
        # All layers have MLP (At 11 layers--dropped first layer @EmelyanenkoK)
        self.mlp_layer_indices = list(range(num_layers))

        hdim = num_heads * head_dim
        mlp_hdim = 4 * model_dim

        # Create index mappings: layer_idx -> bank_idx
        self.layer_to_attn_idx = {layer_idx: bank_idx for bank_idx, layer_idx in enumerate(self.attn_layer_indices)}
        self.layer_to_mlp_idx = {layer_idx: bank_idx for bank_idx, layer_idx in enumerate(self.mlp_layer_indices)}

        # Attention bank: stores QKVO weights for all attention layers
        # merged QKVO weights: suggested by many, implemented by @fernbear.bsky.social, and further improved by @YouJiacheng
        # https://x.com/hi_tysam/status/1879699187107033311
        # Simplified layout by @chrisjmccormick
        # Shape: (num_attn_layers, 4*model_dim, hdim) = (10, 3072, 768)
        # Reshape for sharding: (40, 768, 768) for even distribution across 8 GPUs
        self.attn_bank = nn.Parameter(torch.empty(len(self.attn_layer_indices), 4 * model_dim, hdim))
        self.attn_bank.label = 'attn'
        self.attn_bank.reshape = (len(self.attn_layer_indices) * 4, hdim, hdim)  # (40, 768, 768)

        # MLP bank: stores c_fc and c_proj for all MLP layers
        # Shape: (num_mlp_layers + padding, 2, mlp_hdim, model_dim) = (12, 2, 3072, 768)
        # We add 1 padding layer (index 11) to get 12*2=24 matrices for even distribution across 8 GPUs
        # Reshape for sharding: (24, 3072, 768)
        num_mlp_with_padding = len(self.mlp_layer_indices) + 1  # 11 + 1 = 12
        self.mlp_bank = nn.Parameter(torch.empty(num_mlp_with_padding, 2, mlp_hdim, model_dim))
        self.mlp_bank.label = 'mlp'
        self.mlp_bank.reshape = (num_mlp_with_padding * 2, mlp_hdim, model_dim)  # (24, 3072, 768)

        # improved init scale by @YouJiacheng and @srashedll
        std = 0.5 * model_dim ** -0.5
        bound = (3 ** 0.5) * std
        with torch.no_grad():
            self.attn_bank.uniform_(-bound, bound)
            self.mlp_bank[:, 0, :, :].uniform_(-bound, bound)  # c_fc
            self.mlp_bank[:, 1, :, :].zero_()  # c_proj - zero init suggested by @Grad62304977

        # Create blocks with has_attn/has_mlp flags
        self.paired_head_layers = [0, 2, 5, 9]
        self.blocks = nn.ModuleList([
            Block(model_dim, head_dim, num_heads,
                  has_attn=(i in self.layer_to_attn_idx),
                  has_mlp=(i in self.layer_to_mlp_idx),
                  use_paired_head=(i in self.paired_head_layers))
            for i in range(num_layers)
        ])
        self.yarn = Yarn(head_dim, max_seq_len)
        self.yarn_paired_head = Yarn(head_dim, max_seq_len, paired=True)
        # there are only 50257 unique GPT-2 tokens; we extend to nearest multiple of 128 for efficiency.
        # suggested to me by @Grad62304977. this originates from Karpathy's experiments.
        use_fp8 = not os.environ.get("DISABLE_FP8", False)
        # Transposed weight storage for faster gradient accumulation
        self.lm_head = CastedLinearT(model_dim, self.vocab_size, use_fp8=use_fp8, x_s=100/448, w_s=1.6/448, grad_s=grad_scale * 0.75/448)

        nn.init.normal_(self.lm_head.weight, mean=0, std=0.005)
        self.lm_head.weight.label = 'lm_head'

        self.embed = nn.Embedding(self.vocab_size, model_dim)
        self.embed.weight.label = 'embed'
        with torch.no_grad():
            self.embed.weight.copy_(self.lm_head.weight.T)

        self.bigram_embed = nn.Embedding(args.bigram_vocab_size, model_dim)
        self.bigram_embed.weight.label = 'bigram_embed'
        nn.init.zeros_(self.bigram_embed.weight)

        # x0_lambdas separated out for different optimizer treatment (no beta smoothing)
        self.x0_lambdas = nn.Parameter(torch.zeros(num_layers))
        self.x0_lambdas.label = 'x0_lambdas'

        pad = (-num_layers * 3 - 3) % dist.get_world_size()  # updated: 3*num_layers instead of 4*
        self.scalars = nn.Parameter(
            torch.cat(
                [
                    1.1 * torch.ones(num_layers),  # resid lambdas. 1.1 init such that layer i weight is i^(num_layers-i).
                    *[torch.tensor([0.5, 1.0]) for _ in range(num_layers)],  # SA lambdas
                    0.1 * torch.ones(num_layers), # bigram lambdas
                    torch.zeros(1), # smear_lambda
                    0.5*torch.ones(1), # backout_lambda
                    -1.5 * torch.ones(1),  # skip_lambda -> σ(-1.5) ≈ 0.18
                    torch.ones(pad),
                ]
            )
        )
        self.scalars.label = 'scalars'

    def forward(self, input_seq: Tensor, target_seq: Tensor, seqlens: Tensor, bigram_input_seq: Tensor, schedule_cfg: ForwardScheduleConfig):
        assert input_seq.ndim == 1

        # unpack schedule_cfg
        mtp_weights, train_max_seq_len = schedule_cfg.mtp_weights, schedule_cfg.train_max_seq_len
        ws_short, ws_long = schedule_cfg.ws_short, schedule_cfg.ws_long

        # set configs
        skip_connections = []
        skip_in = [3] # long attention window on layer 3
        skip_out = [6] # no attn op on layer 6
        x_backout = None
        backout_layer = 7

        # set lambdas
        resid_lambdas = self.scalars[: 1 * self.num_layers]
        x0_lambdas = self.x0_lambdas
        sa_lambdas = self.scalars[1 * self.num_layers: 3 * self.num_layers].view(-1, 2)
        bigram_lambdas = self.scalars[3 * self.num_layers: 4 * self.num_layers]
        smear_lambda = self.scalars[4 * self.num_layers]
        backout_lambda = self.scalars[4 * self.num_layers+1]
        skip_lambda = self.scalars[4 * self.num_layers+2]

        # set block masks and key shift
        bm_sizes = [ws_short, ws_short, ws_short, ws_long, ws_short, ws_short, None, ws_short, ws_short, ws_short, ws_long]
        assert len(bm_sizes) == self.num_layers
        key_offset = [b==ws_long for b in bm_sizes] # apply partial key offset to long windows

        # Embedding lookup - embed is synced from lm_head during tied phase by optimizer
        x = self.embed(input_seq)
        
        x0_bigram = self.bigram_embed(bigram_input_seq)[None]

        # Value embeddings - always computed (not precomputed)
        ve = self.value_embeds.view(5, self.vocab_size, -1)[:, input_seq]
        # Shifted .01 ... 234 structure on token value embeddings by @photomz
        ve = [None, ve[0], ve[1]] + [None] * (self.num_layers - 6) + [ve[2], ve[3], ve[4]]
        assert len(ve) == self.num_layers

        # smear token embed forward 1 position @classiclarryd
        smear_gate_out = smear_lambda * torch.sigmoid(self.smear_gate(x[1:, :self.smear_gate.weight.size(-1)]))
        x = torch.cat([x[:1], x[1:] + smear_gate_out * x[:-1]])
        x = x0 = norm(x[None])

        # unbind gate banks to avoid select_backwards kernel
        ag = [w.bfloat16() for w in self.attn_gate_bank.unbind(0)]
        veg = [w.bfloat16() for w in self.ve_gate_bank.unbind(0)]
        attn_gates = ag[:6] + [None] + ag[6:]
        ve_gates = [None, veg[0], veg[1]] + [None] * (self.num_layers - 6) + [veg[2], veg[3], veg[4]]
        assert len(attn_gates) == self.num_layers
        assert len(ve_gates) == self.num_layers

        # unbind weight banks to avoid select_backwards kernel
        attn_weights = self.attn_bank.unbind(0)  # tuple of [4*dim, hdim] tensors
        mlp_fcs = self.mlp_bank[:, 0, :, :].unbind(0)  # tuple of [mlp_hdim, dim] tensors
        mlp_projs = self.mlp_bank[:, 1, :, :].unbind(0)  # tuple of [mlp_hdim, dim] tensors

        for i in range(self.num_layers):
            yarn = self.yarn_paired_head if i in self.paired_head_layers else self.yarn
            attn_args = AttnArgs(
                ve=ve[i],
                sa_lambdas=sa_lambdas[i],
                seqlens=seqlens,
                bm_size=bm_sizes[i],
                yarn=yarn,
                key_offset=key_offset[i],
                attn_gate_w=attn_gates[i],
                ve_gate_w=ve_gates[i],
                train_max_seq_len=train_max_seq_len
            )
            if i in skip_out:
                skip_gate_out = torch.sigmoid(skip_lambda) * 2 * torch.sigmoid(self.skip_gate(x0[..., :self.skip_gate.weight.size(-1)]))
                x = x + skip_gate_out * skip_connections.pop()
            if i == 0:
                x = (resid_lambdas[0] + x0_lambdas[0]) * x + bigram_lambdas[0] * x0_bigram
            else:
                x = resid_lambdas[i] * x + x0_lambdas[i] * x0 + bigram_lambdas[i] * x0_bigram

            # Get weights for this layer from banks
            qkvo_w = attn_weights[self.layer_to_attn_idx[i]] if i in self.layer_to_attn_idx else None
            c_fc = mlp_fcs[self.layer_to_mlp_idx[i]] if i in self.layer_to_mlp_idx else None
            c_proj = mlp_projs[self.layer_to_mlp_idx[i]] if i in self.layer_to_mlp_idx else None

            x = self.blocks[i](x, attn_args, qkvo_w, c_fc, c_proj)
            if i in skip_in:
                skip_connections.append(x)
            if i == backout_layer:
                x_backout = x

        # back out contributions from first 7 layers that are only required for downstream context and not direct prediction
        x -= backout_lambda * x_backout
        x = norm(x)
        # @Grad62304977 added tanh softcapping following Gemma 2 paper, @KoszarskyB reduced it from 30 to 15
        # @YouJiacheng shifted it by +15 (2*sigmoid(2*x)=tanh(x)+1). @classiclarryd updated to 23*sigmoid((logits+5)/7.5)
        if self.training:
            losses = FusedSoftcappedCrossEntropy.apply(x.view(-1, x.size(-1)), target_seq, mtp_weights, self.lm_head.weight, self.lm_head.x_s, self.lm_head.w_s, self.lm_head.grad_s)
            loss = losses.sum()
        else:
            logits = self.lm_head(x)
            logits = 23 * torch.sigmoid((logits + 5) / 7.5)
            logits_for_loss = logits.float()
            loss = F.cross_entropy(logits_for_loss.view(-1, logits_for_loss.size(-1)), target_seq, reduction="mean")
        return loss
# -----------------------------------------------------------------------------
# Distributed data loader

def _load_data_shard(file: Path):
    header = torch.from_file(str(file), False, 256, dtype=torch.int32) # header is 256 int32
    assert header[0] == 20240520, "magic number mismatch in the data .bin file"
    assert header[1] == 1, "unsupported version"
    num_tokens = int(header[2]) # number of tokens (claimed)
    with file.open("rb", buffering=0) as f:
        tokens = torch.empty(num_tokens, dtype=torch.uint16, pin_memory=True) # avoid pin_memory copy by @YouJiacheng
        f.seek(256 * 4)
        nbytes = f.readinto(tokens.numpy()) # avoid bytes->array copy by @YouJiacheng
        assert nbytes == 2 * num_tokens, "number of tokens read does not match header"
    return tokens

BOS_ID = 50256

class Shard:
    def __init__(self, tokens: Tensor, world_size: int = 1):
        self.tokens = tokens
        self.size = tokens.numel()
        self.world_size = world_size
        self.i = 0

        # Partial index now, full index async
        self.bos_idx = (tokens[:6_000_000] == BOS_ID).nonzero(as_tuple=True)[0].to(torch.int64).cpu().numpy()
        self._full_idx = None
        self._loader_thread = None
        self._ready = threading.Event()
        self._loader_thread = threading.Thread(target=self._scan)
        self._loader_thread.start()

    def _scan(self):
        self._full_idx = (self.tokens == BOS_ID).nonzero(as_tuple=True)[0].to(torch.int64).cpu().numpy()
        self._ready.set()

    def _maybe_switch(self):
        # Switch to full index as soon as async scan completes
        if self.bos_idx is not self._full_idx and self._ready.is_set():
            self._loader_thread.join()
            self.bos_idx = self._full_idx

    def next_batch(self, num_tokens_local: int, max_seq_len: int):
        self._maybe_switch()
        n = len(self.bos_idx)
        starts = [[] for _ in range(self.world_size)]
        ends = [[] for _ in range(self.world_size)]

        idx = self.i
        for r in range(self.world_size):
            cur_len = 0
            while cur_len <= num_tokens_local:
                if idx >= n:
                    raise StopIteration(f"Insufficient BOS ahead; hit tail of shard.")
                cur = self.bos_idx[idx]
                starts[r].append(cur)
                end = min(self.bos_idx[idx + 1] if idx + 1 < n else self.size,
                          cur + max_seq_len,
                          cur + num_tokens_local - cur_len + 1)
                ends[r].append(end)
                cur_len += end - cur
                idx += 1

            assert cur_len == num_tokens_local + 1
        self.i = idx
        return starts, ends

    @staticmethod
    def load_async(file: Path, world_size: int = 1):
        """Returns getter function for async shard loading"""
        result = {}
        ready = threading.Event()
        def load():
            tokens = _load_data_shard(file)
            result['shard'] = Shard(tokens, world_size)
            ready.set()
        thread = threading.Thread(target=load)
        thread.start()
        def get():
            ready.wait()
            thread.join()
            return result['shard']
        return get

def get_bigram_hash(x):
    """
    Computes bigram hash for each position using [prev_token, curr_token].
    Multiply by arbitary large ints to get even spread over int32 range.
    Position 0 is mapped to the reserved index (vocab_size - 1).
    BOS_tokens within the batch will hash based on last token of prior doc. Masking this ran slower and showed no improvement.
    """
    rand_int_1 = 36313
    rand_int_2 = 27191
    mod = args.bigram_vocab_size-1
    x = x.to(torch.int32)
    out = torch.empty_like(x, pin_memory=True)
    out.copy_(x)
    out[0] = mod
    out[1:] = torch.bitwise_xor(rand_int_1 * out[1:], rand_int_2 * out[:-1]) % mod
    return out

def distributed_data_generator(filename_pattern: str, num_tokens: int, max_seq_len: int, grad_accum_steps: int = 1, align_to_bos: bool = True):
    # align_to_bos: each sequence begins with Beginning of Sequence token, sequences truncated to max_seq_len
    rank = dist.get_rank() if dist.is_initialized() else 0
    world_size = dist.get_world_size() if dist.is_initialized() else 1
    assert num_tokens % (world_size * grad_accum_steps) == 0, "Batch size must be divisible by world size"
    num_tokens = num_tokens // grad_accum_steps

    files = [Path(file) for file in sorted(glob.glob(filename_pattern))]
    if not files:
        raise FileNotFoundError(f"No files found for pattern: {filename_pattern}")

    file_iter = iter(files)  # Use itertools.cycle(files) for multi-epoch training
    tokens = _load_data_shard(next(file_iter))
    if align_to_bos:
        shard = Shard(tokens, world_size)
        next_shard_getter = Shard.load_async(next(file_iter), world_size)
    else:
        pos = 0  # for unaligned case

    while True:
        num_tokens_local = num_tokens // world_size
        max_num_docs = next_multiple_of_n(num_tokens_local // 300, n=128)  # median doc length is ~400

        if align_to_bos:
            try:
                seq_starts, seq_ends = shard.next_batch(num_tokens_local, max_seq_len)
                start_idxs, end_idxs = torch.tensor(seq_starts[rank]), torch.tensor(seq_ends[rank])
            except StopIteration:
                # This shard is exhausted, load the next one in the next loop iteration.
                shard = next_shard_getter()
                tokens = shard.tokens
                try:
                    next_shard_getter = Shard.load_async(next(file_iter), world_size)
                except StopIteration:
                    next_shard_getter = None  # no more shards to preload
                continue

            buf = torch.cat([tokens[i:j] for i, j in zip(start_idxs, end_idxs)])
            _inputs = buf[:-1]
            _targets = buf[1:]
            end_idxs[-1] -= 1  # last document was too long to account for _targets offset
            cum_lengths = (end_idxs - start_idxs).cumsum(0)

        else:
            if pos + num_tokens + 1 >= len(tokens):  # should not occur for val data
                tokens, pos = _load_data_shard(next(file_iter)), 0

            pos_local = pos + rank * num_tokens_local
            buf = tokens[pos_local: pos_local + num_tokens_local + 1]
            _inputs = buf[:-1].view(num_tokens_local, )
            _targets = buf[1:].view(num_tokens_local, )

            cum_lengths = torch.nonzero(_inputs == BOS_ID)[:, 0]
            pos += num_tokens


        _cum_lengths = torch.full((max_num_docs,), num_tokens_local)
        _cum_lengths[0] = 0
        _cum_lengths[1:len(cum_lengths) + 1] = cum_lengths

        # Cast to int32 on CPU before transfer to avoid dtype conversion during .to()
        _inputs = _inputs.to(dtype=torch.int32)
        _targets = _targets.to(dtype=torch.int64)
        _cum_lengths = _cum_lengths.to(dtype=torch.int32)
        _bigram_inputs = get_bigram_hash(_inputs)

        new_params = yield (
            _inputs.to(device="cuda", non_blocking=True),
            _targets.to(device="cuda", non_blocking=True),
            _cum_lengths.to(device="cuda", non_blocking=True),
            _bigram_inputs.to(device="cuda", non_blocking=True),
            _bigram_inputs.numpy(),
        )

        if new_params is not None:
            # makes it possible for generator to receive new (num_tokens, max_seq_len, grad_accum_steps) via .send()
            new_num_tokens, new_max_seq_len, new_grad_accum_steps = new_params
            assert new_num_tokens % (world_size * new_grad_accum_steps) == 0, "Num tokens must be divisible by world size"
            num_tokens = new_num_tokens // new_grad_accum_steps
            max_seq_len = new_max_seq_len

# -----------------------------------------------------------------------------
# Training Management

@dataclass
class Hyperparameters:
    # data
    data_path = os.environ.get("DATA_PATH", ".")
    train_files: str = os.path.join(data_path, "data/fineweb10B/fineweb_train_*.bin") # input .bin to train on
    val_files: str = os.path.join(data_path, "data/fineweb10B/fineweb_val_*.bin") # input .bin to eval validation loss on
    val_tokens: int = 10485760 # how many tokens of validation data? it's important to keep this fixed for consistent comparisons
    # batch sizes
    val_batch_size: int = 4 * 64 * 1024 * 8
    # schedule
    num_scheduled_iterations: int = 1490  # number of steps to complete lr and ws schedule
    num_extension_iterations: int = 40  # number of steps to continue training at final lr and ws
    # evaluation and logging
    run_id: str = f"{uuid.uuid4()}"
    val_loss_every: int = 250  # every how many steps to evaluate val loss? 0 for only at the end
    save_checkpoint: bool = False
    # bigram hash embedding
    bigram_vocab_size: int = 50304 * 5

args = Hyperparameters()

@dataclass
class TrainingStage:
    lr_mul: float
    batch_size: int
    window_sizes: tuple[int, int]  # (short, long) in block units
    mtp_weights_start: list[float]
    mtp_weights_end: list[float]
    train_max_seq_len: int
    duration: float = None

class TrainingSchedule:
    """
    Training schedule initialized via TRAINING_STAGES
        1. Multi Token Prediction schedule of [1, 0.5, 0.25->0] -> [1, 0.5->0] -> [1] @varunneal
        2. Sliding Attention window schedule of [1,3] -> [3,7] -> [5,11] -> [6,13]
        3. YaRN updates to RoPE on window changes
        4. Split embed and lm head at 2/3 of training
        5. Batch size schedule of 8 -> 16 -> 24
        6. Post training extension of long windows from 13 to 20
        7. Seq len updates from 896 to 2048 at 1/3 of training
    """

    def __init__(self, stages: list[TrainingStage], scheduled_iterations: int, extension_iterations: int,
                 cooldown_frac: float = 0.5, split_embed_stage: int = 2, ws_post_yarn_ext: int = 20):
        self.stages = stages
        self.scheduled_iterations = scheduled_iterations
        self.cooldown_frac = cooldown_frac
        # increase final validation ws, used for YaRN extension and short window size @classiclarryd
        self.ws_post_yarn_ext = ws_post_yarn_ext

        self.total_steps = self.scheduled_iterations + extension_iterations

        # Build stage boundaries (last is extension stage)
        ends = [0] + [round(c * scheduled_iterations) for c in accumulate(s.duration for s in stages[:-1])] + [self.total_steps]
        assert self.scheduled_iterations == ends[-2]
        self.boundaries = list(pairwise(ends))

        # Split embed at specified stage (ensure odd step for Adam)
        self.split_step = self.boundaries[split_embed_stage][0] | 1

        # Precompute MTP weights for all steps
        self.mtp_weights = []
        for step in range(self.total_steps + 1):
            stage, t = self.lookup(step)
            w = [a + (b - a) * t for a, b in zip(stage.mtp_weights_start, stage.mtp_weights_end)]
            self.mtp_weights.append(torch.tensor(w, device=device))

    def lookup(self, step: int) -> tuple[TrainingStage, float]:
        # Returns stage and % of the way through that stage
        for i, (start, end) in enumerate(self.boundaries):
            if step < end:
                t = (step - start) / (end - start)
                return self.stages[i], t
        return self.stages[-1], 1.0

    def get_lr(self, step: int) -> float:
        # learning rate schedule: tied to batch size schedule, with cooldown at the end
        stage, _ = self.lookup(step)
        lr = stage.lr_mul
        cd_start = int(self.scheduled_iterations * (1 - self.cooldown_frac))
        if step >= cd_start:
            t = min(1.0, (step - cd_start) / (self.scheduled_iterations - cd_start))
            lr = lr * (1 - t) + 0.15 * t
        return lr

# window_sizes are in units of `block_size` tokens (defined in TrainingManager)
TRAINING_STAGES = [
    TrainingStage(duration=1/3, train_max_seq_len=896, batch_size=8 * 2048 * 8, window_sizes=(1, 3), lr_mul=1.0,
                  mtp_weights_start=[1.0, 0.5, 0.25], mtp_weights_end=[1.0, 0.5, 0.0]),
    TrainingStage(duration=1/3, train_max_seq_len=2048, batch_size=16 * 2048 * 8, window_sizes=(3, 7), lr_mul=1.52,  # (16/8)**0.6
                  mtp_weights_start=[1.0, 0.5], mtp_weights_end=[1.0, 0.0]),
    TrainingStage(duration=1/3, train_max_seq_len=2048, batch_size=24 * 2048 * 8, window_sizes=(5, 11), lr_mul=1.73,  # (24/8)**0.5
                  mtp_weights_start=[1.0], mtp_weights_end=[1.0]),
    # extension stage
    TrainingStage(train_max_seq_len=2048, batch_size=24 * 2048 * 8, window_sizes=(6, 13), lr_mul=1.0,  # lr_mul is not used
                  mtp_weights_start=[1.0], mtp_weights_end=[1.0]),
]

training_schedule = TrainingSchedule(TRAINING_STAGES, args.num_scheduled_iterations, args.num_extension_iterations, cooldown_frac=0.55)

def get_muon_momentum(step: int, muon_warmup_steps=300, muon_cooldown_steps=50, momentum_min=0.85, momentum_max=0.95):
    # warmup phase: linearly increase momentum from min to max
    # cooldown phase: linearly decrease momentum from max to min
    momentum_cd_start = training_schedule.total_steps - muon_cooldown_steps
    if step < muon_warmup_steps:
        frac = step / muon_warmup_steps
        momentum = momentum_min + frac * (momentum_max - momentum_min)
    elif step > momentum_cd_start:
        frac = (step - momentum_cd_start) / muon_cooldown_steps
        momentum = momentum_max - frac * (momentum_max - momentum_min)
    else:
        momentum = momentum_max
    return momentum

class TrainingManager():
    """
    Manages the NorMuonAndAdam for all parameters with explicit ordering.
        1. Scalars are given higher momentum terms to smooth learning @ChrisJMcCormick
        2. Adam optimizers are only stepped on odd steps @classiclarryd
        3. Explicit scatter_order and work_order for communication scheduling (no backward hooks)
        4. Muon has a linear momentum warmup and cooldown schedule
        5. Learning rates follow a linear decay schedule
        6. Embed is tied to lm_head until split step (2/3 of training), then untied @classiclarryd
    """
    def __init__(self, model):
        self.model = model
        self.block_size = 128

        # - Ordering dictates when to launch reduce/reduce_scatter operations
        # - "sharded" parameters use reduce_scatter/all_gather and "replicated" ones use all_reduce
        # - lr_mul and wd_mul are per-parameter learning rate and weight decay multipliers
        self.param_table = {
            "attn":           {"optim": "normuon", "comms": "sharded",    "adam_betas": None},
            "mlp":            {"optim": "normuon", "comms": "sharded",    "adam_betas": None},
            "scalars":        {"optim": "adam",    "comms": "replicated", "adam_betas": [0.9,  0.99], "lr_mul": 5.0,  "wd_mul": 0.0},
            "smear_gate":     {"optim": "adam",    "comms": "replicated", "adam_betas": [0.9,  0.99], "lr_mul": 0.01, "wd_mul": 0.0},
            "skip_gate":      {"optim": "adam",    "comms": "replicated", "adam_betas": [0.9,  0.99], "lr_mul": 0.05, "wd_mul": 0.0},
            "attn_gate_bank": {"optim": "adam",    "comms": "replicated", "adam_betas": [0.9,  0.99]},
            "ve_gate_bank":   {"optim": "adam",    "comms": "replicated", "adam_betas": [0.9,  0.99]},
            "x0_lambdas":     {"optim": "adam",    "comms": "replicated", "adam_betas": [0.65, 0.95], "lr_mul": 5.0,  "wd_mul": 0.0},
            "bigram_embed":   {"optim": "adam",    "comms": "sharded_sparse",    "adam_betas": [0.75, 0.95], "lr_mul": 75.,  "wd_mul": 5.0},
            "lm_head":        {"optim": "adam",    "comms": "sharded",    "adam_betas": [0.5,  0.95], "wd_mul": 150.},
            "value_embed":    {"optim": "adam",    "comms": "sharded",    "adam_betas": [0.75, 0.95], "lr_mul": 75.,  "wd_mul": 5.0},
            "embed":          {"optim": "adam",    "comms": "sharded",    "adam_betas": [0.5,  0.95], "wd_mul": 150.},
        }

        # - Process smaller/faster params first while large reduces complete
        # - lm_head must complete before embed sync (when tied)
        self.work_order = [
            "scalars", "smear_gate", "skip_gate", "attn_gate_bank", "ve_gate_bank", "x0_lambdas",  # Small, fast
            "lm_head",
            "bigram_embed",  # Medium
            "value_embed",
            "embed",   # lm_head must complete before embed sync (when tied)
            "attn", "mlp",        # Large, polar express - process last to maximize overlap
        ]

        adam_defaults = dict(
            lr=0.008,
            eps=1e-10,
            weight_decay=0.005,
        )

        normuon_defaults = dict(
            lr=0.023,
            momentum=0.95,
            beta2=0.95,
            weight_decay=1.2,
        )

        self.optimizer = NorMuonAndAdam(
            model.named_parameters(),
            param_table=self.param_table,
            scatter_order=list(self.param_table.keys()),  # Dict order defines scatter priority
            work_order=self.work_order,
            adam_defaults=adam_defaults,
            normuon_defaults=normuon_defaults,
        )

        # Split embed from lm_head at 2/3 of training (on an odd step so Adam updates)
        self.split_step = training_schedule.split_step

        self.reset()

    def apply_final_ws_ext(self):
        self.ws_long = training_schedule.ws_post_yarn_ext

    def get_forward_args(self):
        return ForwardScheduleConfig(
            mtp_weights = self.mtp_weights,
            ws_short = self.ws_short * self.block_size,
            ws_long = self.ws_long * self.block_size,
            train_max_seq_len = self.train_max_seq_len
        )

    def _is_adam_step(self, step: int):
        """Adam params are only updated on odd steps."""
        return step % 2 == 1

    def get_transition_steps(self):
        return [start for start, _ in training_schedule.boundaries[1:]]

    def advance_schedule(self, step: int):
        stage, _ = training_schedule.lookup(step)
        self.ws_short, new_ws_long = stage.window_sizes
        if new_ws_long != self.ws_long:
            self.model.yarn.apply(self.ws_long * self.block_size, new_ws_long * self.block_size)
            self.model.yarn_paired_head.apply(self.ws_long * self.block_size, new_ws_long * self.block_size)

        new_batch_size = stage.batch_size
        new_train_max_seq_len = stage.train_max_seq_len
        if new_batch_size != self.batch_size or new_train_max_seq_len != self.train_max_seq_len:
            self.train_loader_send_args = (new_batch_size, new_train_max_seq_len, grad_accum_steps)
            self.batch_size = new_batch_size
            self.train_max_seq_len = new_train_max_seq_len
        else:
            self.train_loader_send_args = None

        self.ws_long = new_ws_long
        self.mtp_weights = training_schedule.mtp_weights[step]

    def step_optimizers(self, step: int):
        step_lr = training_schedule.get_lr(step)
        muon_momentum = get_muon_momentum(step)
        do_adam = self._is_adam_step(step)

        # Update learning rates and momentum for all params
        for param, p_cfg in self.optimizer.param_cfgs.items():
            p_cfg.lr = p_cfg.initial_lr * step_lr
            if p_cfg.optim == "normuon":
                p_cfg.momentum = muon_momentum

        # Step optimizer with do_adam flag
        self.optimizer.step(do_adam=do_adam)

        # At split step: copy lm_head optimizer state to embed and mark as split
        if step == self.split_step:
            self.optimizer.copy_lm_state_to_embed()

    def reset(self, state=None):
        if state is not None:
            self.optimizer.load_state_dict(state)

        # Reset NorMuon momentum buffers and split_embed state
        self.optimizer.reset()

        stage, _ = training_schedule.lookup(0)
        self.ws_short, self.ws_long = stage.window_sizes
        self.batch_size = stage.batch_size
        self.train_max_seq_len = stage.train_max_seq_len
        self.model.yarn.reset()
        self.model.yarn_paired_head.reset()
        if _sparse_comms_active():
            self.row_update_mask = np.zeros(args.bigram_vocab_size, dtype=np.uint8)
            self.sparse_counts_state = None
            # buffer we use for fast GPU uploads of send indexes
            self.send_idxes_buffer = torch.empty(args.bigram_vocab_size, dtype=torch.int32, pin_memory=True)


    def get_state(self):
        return copy.deepcopy(self.optimizer.state_dict())

    def sparse_index_update(self, step, bigram_indexes):
        if not _sparse_comms_active():
            return

        self.row_update_mask[bigram_indexes] = 1

        if self._is_adam_step(step):
            with torch.no_grad():
                bigram_idx_np = np.flatnonzero(self.row_update_mask).astype(np.int32)
                send_idxes, send_counts, recv_counts, recv_counts_fut = sparse_comms_start(
                    bigram_idx_np, args.bigram_vocab_size, rank, world_size, self.send_idxes_buffer
                )
                self.sparse_counts_state = (send_idxes, send_counts, recv_counts, recv_counts_fut)

    def sparse_index_share(self, step):
        if not _sparse_comms_active() or not self._is_adam_step(step):
            return

        send_idxes, send_counts, recv_counts, recv_counts_fut = self.sparse_counts_state
        self.sparse_counts_state = None

        recv_counts_fut.wait()
        recv_idxes, sparse_state, idxes_fut = sparse_comms_share_indexes(send_idxes, send_counts, recv_counts)
        self.optimizer._reduce_futures[model.bigram_embed.weight] = [idxes_fut, recv_idxes]
        self.optimizer._sparse_async_data[model.bigram_embed.weight] = sparse_state

        self.row_update_mask.fill(0)


        

# -----------------------------------------------------------------------------
# int main

# begin logging
logfile = None
if master_process:
    run_id = args.run_id
    os.makedirs("logs", exist_ok=True)
    logfile = f"logs/{run_id}.txt"
    print(logfile)
def print0(s, console=False):
    if master_process:
        with open(logfile, "a") as f:
            if console:
                print(s)
            print(s, file=f)

# begin by printing this file (the Python code)
print0(code)
print0("="*100)
# log information about the hardware/software environment this is running on
print0(f"Running Python {sys.version}")
print0(f"Running PyTorch {torch.version.__version__} compiled for CUDA {torch.version.cuda}")
print0(f"Running Triton version {triton.__version__}")

def nvidia_smi():
    import subprocess  # avoid top level import
    return subprocess.run(["nvidia-smi"], stdout=subprocess.PIPE, stderr=subprocess.PIPE, text=True).stdout
print0(nvidia_smi())
print0("="*100)

model: nn.Module = GPT(
    vocab_size=50257,
    num_layers=11,
    num_heads=6,
    head_dim=128,
    model_dim=768,
    max_seq_len=args.val_batch_size // (grad_accum_steps * world_size)
).cuda()
for m in model.modules():
    if isinstance(m, (nn.Embedding, nn.Linear)):
        m.weight.data = m.weight.data.bfloat16()
model.attn_gate_bank.data = model.attn_gate_bank.data.bfloat16()
model.ve_gate_bank.data = model.ve_gate_bank.data.bfloat16()
model.attn_bank.data = model.attn_bank.data.bfloat16()
model.mlp_bank.data = model.mlp_bank.data.bfloat16()
for param in model.parameters():
    dist.broadcast(param.detach(), 0)

model: nn.Module = torch.compile(model, dynamic=False, fullgraph=True)
training_manager = TrainingManager(model)


########################################
#            Warmup kernels            #
########################################
print0("Compiling model and warming up kernels (~7 minutes on first execution)", console=True)
# Warmup the training kernels, then re-initialize the state so we aren't cheating
initial_state = dict(model=copy.deepcopy(model.state_dict()),
                     optimizer=training_manager.get_state()) # save the initial state
train_loader = distributed_data_generator(args.train_files, TRAINING_STAGES[0].batch_size, TRAINING_STAGES[0].train_max_seq_len, grad_accum_steps=grad_accum_steps)
val_loader = distributed_data_generator(args.val_files, args.val_batch_size, -1, grad_accum_steps=grad_accum_steps, align_to_bos=False)

transition_steps = training_manager.get_transition_steps()
# first and last pair of steps in each transition
warmup_steps = sorted({0, 1 } | set(s + offset for s in transition_steps for offset in [-2, -1, 0, 1] if s + offset >= 0))
print0(f"Sampling steps {warmup_steps} for warmup", console=True)
for step in warmup_steps:
    training_manager.advance_schedule(step)
    model.eval()
    with torch.no_grad():
        inputs, targets, cum_seqlens, bigram_inputs, _ = next(val_loader)
        model(inputs, targets, cum_seqlens, bigram_inputs, training_manager.get_forward_args())
    model.train()
    for idx in range(grad_accum_steps):
        send_args = training_manager.train_loader_send_args
        inputs, targets, cum_seqlens, bigram_inputs, bigram_cpu = train_loader.send(send_args)
        training_manager.sparse_index_update(step, bigram_cpu)
        loss = model(inputs, targets, cum_seqlens, bigram_inputs, training_manager.get_forward_args()) * grad_scale
        training_manager.sparse_index_share(step)
        loss.backward()
        del loss
    training_manager.step_optimizers(step)
print0("Resetting Model", console=True)
model.zero_grad(set_to_none=True)
model.load_state_dict(initial_state["model"])
training_manager.reset(initial_state["optimizer"])
del val_loader, train_loader, initial_state
model.train()

########################################
#        Training and validation       #
########################################
train_loader = distributed_data_generator(args.train_files, TRAINING_STAGES[0].batch_size, TRAINING_STAGES[0].train_max_seq_len, grad_accum_steps=grad_accum_steps)

gc.collect()

training_time_ms = 0
# start the clock
torch.cuda.synchronize()
t0 = time.perf_counter()
# begin training
train_steps = training_schedule.total_steps
for step in range(train_steps + 1):
    last_step = (step == train_steps)
    training_manager.advance_schedule(step)
    # --------------- VALIDATION SECTION -----------------
    if last_step or (args.val_loss_every > 0 and step % args.val_loss_every == 0):
        if last_step:
            training_manager.apply_final_ws_ext()
        # stop the clock
        torch.cuda.synchronize()
        training_time_ms += 1000 * (time.perf_counter() - t0)
        model.eval()
        assert args.val_tokens % args.val_batch_size == 0
        val_steps = grad_accum_steps * args.val_tokens // args.val_batch_size
        val_loader = distributed_data_generator(args.val_files, args.val_batch_size, -1, grad_accum_steps=grad_accum_steps, align_to_bos=False)
        val_loss = 0
        with torch.no_grad():
            for _ in range(val_steps):
                inputs, targets, cum_seqlens, bigram_inputs, _ = next(val_loader)
                val_loss += model(inputs, targets, cum_seqlens, bigram_inputs, training_manager.get_forward_args())
        val_loss /= val_steps
        del val_loader
        dist.reduce(val_loss, 0, op=dist.ReduceOp.AVG)
        print0(f"step:{step}/{train_steps} val_loss:{val_loss:.4f} train_time:{training_time_ms:.0f}ms step_avg:{training_time_ms/max(step, 1):.2f}ms", console=True)
        model.train()
        # start the clock again
        torch.cuda.synchronize()
        t0 = time.perf_counter()

    if last_step:
        if master_process and args.save_checkpoint:
            log = dict(step=step, code=code, model=model.state_dict(), optimizer=training_manager.get_state())
            os.makedirs(f"logs/{run_id}", exist_ok=True)
            torch.save(log, f"logs/{run_id}/state_step{step:06d}.pt")
        # the last step only has the validation loop, so break to avoid training
        break

    # --------------- TRAINING SECTION -----------------
    for idx in range(grad_accum_steps):
        inputs, targets, cum_seqlens, bigram_inputs, bigram_cpu = train_loader.send(training_manager.train_loader_send_args)
        training_manager.sparse_index_update(step, bigram_cpu)
        loss = model(inputs, targets, cum_seqlens, bigram_inputs, training_manager.get_forward_args()) * grad_scale
        training_manager.sparse_index_share(step)
        loss.backward()
        del loss
    training_manager.step_optimizers(step)

    # logging
    approx_training_time_ms = training_time_ms + 1000 * (time.perf_counter() - t0)
    print0(f"step:{step+1}/{train_steps} train_time:{approx_training_time_ms:.0f}ms step_avg:{approx_training_time_ms/(step + 1):.2f}ms", console=True)

print0(f"peak memory allocated: {torch.cuda.max_memory_allocated() // 1024 // 1024} MiB "
       f"reserved: {torch.cuda.max_memory_reserved() // 1024 // 1024} MiB", console=True)
dist.destroy_process_group()


----------------------------------------
# triton_kernels.py
----------------------------------------

import torch
import triton
import triton.language as tl
from triton.tools.tensor_descriptor import TensorDescriptor

# -----------------------------------------------------------------------------
# Triton kernel for symmetric matrix multiplication by @byronxu99

@triton.jit
def _pid_to_block(
    pid,
    M,
    BLOCK_SIZE_M: tl.constexpr,
    BLOCK_SIZE_N: tl.constexpr,
    GROUP_SIZE_M: tl.constexpr,
):
    # Split output matrix into blocks of size (BLOCK_SIZE_M, BLOCK_SIZE_N)
    num_pid_m = tl.cdiv(M, BLOCK_SIZE_M)
    num_pid_n = tl.cdiv(M, BLOCK_SIZE_N)

    # Map PID to a single matrix in batch
    batch_idx = pid // (num_pid_m * num_pid_n)
    pid = pid % (num_pid_m * num_pid_n)

    # Map PID to 2D grid of blocks
    pid_m = pid // num_pid_n
    pid_n = pid % num_pid_n
    pid_m, pid_n = tl.swizzle2d(pid_m, pid_n, num_pid_m, num_pid_n, GROUP_SIZE_M)

    m_idx = pid_m * BLOCK_SIZE_M
    n_idx = pid_n * BLOCK_SIZE_N
    return batch_idx, m_idx, n_idx

@triton.jit
def XXT_kernel(
    A_ptr, C_ptr,
    M, K,
    a_stride_b, a_stride_r, a_stride_c,
    c_stride_b, c_stride_r, c_stride_c,
    BLOCK_SIZE_M: tl.constexpr,
    BLOCK_SIZE_N: tl.constexpr,
    BLOCK_SIZE_K: tl.constexpr,
    GROUP_SIZE_M: tl.constexpr,
    LOWER_UPPER: tl.constexpr,
):
    pid = tl.program_id(axis=0)
    batch_idx, m_idx, n_idx = _pid_to_block(
        pid, M, BLOCK_SIZE_M, BLOCK_SIZE_N, GROUP_SIZE_M
    )

    # Skip blocks that don't need to be computed
    skip_block_below_diag = (LOWER_UPPER == 0) and (n_idx + BLOCK_SIZE_N <= m_idx)
    skip_block_above_diag = (LOWER_UPPER != 0) and (m_idx + BLOCK_SIZE_M <= n_idx)
    if skip_block_below_diag or skip_block_above_diag:
        return

    # Index into one matrix of batch
    A_ptr += batch_idx * a_stride_b
    C_ptr += batch_idx * c_stride_b

    # Create pointer arrays for A and A.T
    offs_m = (m_idx + tl.arange(0, BLOCK_SIZE_M)) % M
    offs_n = (n_idx + tl.arange(0, BLOCK_SIZE_N)) % M
    offs_k = tl.arange(0, BLOCK_SIZE_K)
    
    # Load A blocks for C[m,n] = A[m,:] @ A[n,:].T
    # Load A[m, k] -> shape (BM, BK)
    a_ptrs = A_ptr + (offs_m[:, None] * a_stride_r + offs_k[None, :] * a_stride_c)
    # Load A[n, k] -> shape (BN, BK). Transpose to get (BK, BN) for accumulation.
    # Loading (BN, BK) is coalesced because stride_c is 1 (contiguous dim is k).
    at_ptrs = A_ptr + (offs_n[:, None] * a_stride_r + offs_k[None, :] * a_stride_c)

    accumulator = tl.zeros((BLOCK_SIZE_M, BLOCK_SIZE_N), dtype=tl.float32)

    # Accumulate over blocks of K
    for k in tl.range(0, tl.cdiv(K, BLOCK_SIZE_K)):
        k_remaining = K - k * BLOCK_SIZE_K
        a = tl.load(a_ptrs, mask=offs_k[None, :] < k_remaining, other=0.0)
        at_temp = tl.load(at_ptrs, mask=offs_k[None, :] < k_remaining, other=0.0)
        at = tl.trans(at_temp)
        accumulator = tl.dot(a, at, accumulator)
        a_ptrs += BLOCK_SIZE_K * a_stride_c
        at_ptrs += BLOCK_SIZE_K * a_stride_c

    out_dtype = C_ptr.dtype.element_ty
    output = accumulator.to(out_dtype)

    # Store block of C
    offs_cm = m_idx + tl.arange(0, BLOCK_SIZE_M)
    offs_cn = n_idx + tl.arange(0, BLOCK_SIZE_N)
    c_ptrs = C_ptr + (offs_cm[:, None] * c_stride_r + offs_cn[None, :] * c_stride_c)
    c_mask = (offs_cm[:, None] < M) & (offs_cn[None, :] < M)
    tl.store(c_ptrs, output, mask=c_mask)

    # Store block of C mirrored across the diagonal
    c_ptrs_t = C_ptr + (offs_cn[:, None] * c_stride_r + offs_cm[None, :] * c_stride_c)
    c_mask_t = (offs_cn[:, None] < M) & (offs_cm[None, :] < M)
    tl.store(c_ptrs_t, output.T, mask=c_mask_t)

def XXT(A: torch.Tensor, out: torch.Tensor):
    """
    Launch Triton kernel to compute C = A @ A.T
    """
    assert A.ndim == 2 or A.ndim == 3
    M, K = A.shape[-2:]
    assert out.size(-2) == M, "Output matrix has incorrect shape"
    assert out.size(-1) == M, "Output matrix has incorrect shape"

    batch_size = A.size(0) if A.ndim == 3 else 1
    input_batch_stride = A.stride(0) if A.ndim == 3 else 0
    output_batch_stride = out.stride(0) if out.ndim == 3 else 0

    # Hardcoded configs based on H100 autotuning
    if K == 768:
        BLOCK_SIZE_M, BLOCK_SIZE_N, BLOCK_SIZE_K = 128, 128, 64
        num_stages, num_warps = 4, 8
    else:
        BLOCK_SIZE_M, BLOCK_SIZE_N, BLOCK_SIZE_K = 64, 128, 128
        num_stages, num_warps = 4, 8

    grid = (batch_size * triton.cdiv(M, BLOCK_SIZE_M) * triton.cdiv(M, BLOCK_SIZE_N),)
    XXT_kernel[grid](
        A_ptr=A,
        C_ptr=out,
        M=M,
        K=K,
        a_stride_b=input_batch_stride,
        a_stride_r=A.stride(-2),
        a_stride_c=A.stride(-1),
        c_stride_b=output_batch_stride,
        c_stride_r=out.stride(-2),
        c_stride_c=out.stride(-1),
        BLOCK_SIZE_M=BLOCK_SIZE_M,
        BLOCK_SIZE_N=BLOCK_SIZE_N,
        BLOCK_SIZE_K=BLOCK_SIZE_K,
        GROUP_SIZE_M=8,
        LOWER_UPPER=1,
        num_stages=num_stages,
        num_warps=num_warps,
    )
    return out

@triton.jit
def ba_plus_cAA_kernel(
    A_ptr, C_ptr,
    M,
    a_stride_b, a_stride_r, a_stride_c,
    c_stride_b, c_stride_r, c_stride_c,
    alpha, beta,
    BLOCK_SIZE_M: tl.constexpr,
    BLOCK_SIZE_N: tl.constexpr,
    BLOCK_SIZE_K: tl.constexpr,
    GROUP_SIZE_M: tl.constexpr,
    LOWER_UPPER: tl.constexpr,
):
    # This is mostly duplicated from XXT_kernel, but also loads and adds a block of A
    # Performance is slightly slower than XXT_kernel, so we use two separate kernels
    pid = tl.program_id(axis=0)
    batch_idx, m_idx, n_idx = _pid_to_block(
        pid, M, BLOCK_SIZE_M, BLOCK_SIZE_N, GROUP_SIZE_M
    )

    # Skip blocks that don't need to be computed
    skip_block_below_diag = (LOWER_UPPER == 0) and (n_idx + BLOCK_SIZE_N <= m_idx)
    skip_block_above_diag = (LOWER_UPPER != 0) and (m_idx + BLOCK_SIZE_M <= n_idx)
    if skip_block_below_diag or skip_block_above_diag:
        return

    # Index into one matrix of batch
    A_ptr += batch_idx * a_stride_b
    C_ptr += batch_idx * c_stride_b

    # Create pointer arrays for A and A.T
    offs_m = (m_idx + tl.arange(0, BLOCK_SIZE_M)) % M
    offs_n = (n_idx + tl.arange(0, BLOCK_SIZE_N)) % M
    offs_k = tl.arange(0, BLOCK_SIZE_K)
    
    # Coalesced loads similar to XXT_kernel
    a_ptrs = A_ptr + (offs_m[:, None] * a_stride_r + offs_k[None, :] * a_stride_c)
    at_ptrs = A_ptr + (offs_n[:, None] * a_stride_r + offs_k[None, :] * a_stride_c)

    accumulator = tl.zeros((BLOCK_SIZE_M, BLOCK_SIZE_N), dtype=tl.float32)

    # Accumulate over blocks of K
    for k in tl.range(0, tl.cdiv(M, BLOCK_SIZE_K)):
        k_remaining = M - k * BLOCK_SIZE_K
        a = tl.load(a_ptrs, mask=offs_k[None, :] < k_remaining, other=0.0)
        at_temp = tl.load(at_ptrs, mask=offs_k[None, :] < k_remaining, other=0.0)
        at = tl.trans(at_temp)
        accumulator = tl.dot(a, at, accumulator)
        a_ptrs += BLOCK_SIZE_K * a_stride_c
        at_ptrs += BLOCK_SIZE_K * a_stride_c

    # Load block of A to add (corresponds to the current block of C)
    offs_am = m_idx + tl.arange(0, BLOCK_SIZE_M)
    offs_an = n_idx + tl.arange(0, BLOCK_SIZE_N)
    a_add_ptrs = A_ptr + (offs_am[:, None] * a_stride_r + offs_an[None, :] * a_stride_c)
    a_add_mask = (offs_am[:, None] < M) & (offs_an[None, :] < M)
    a_add = tl.load(a_add_ptrs, mask=a_add_mask, other=0.0).to(tl.float32)

    # Apply alpha and beta
    accumulator *= alpha
    accumulator += a_add * beta

    out_dtype = C_ptr.dtype.element_ty
    output = accumulator.to(out_dtype)

    # Store block of C
    offs_cm = m_idx + tl.arange(0, BLOCK_SIZE_M)
    offs_cn = n_idx + tl.arange(0, BLOCK_SIZE_N)
    c_ptrs = C_ptr + (offs_cm[:, None] * c_stride_r + offs_cn[None, :] * c_stride_c)
    c_mask = (offs_cm[:, None] < M) & (offs_cn[None, :] < M)
    tl.store(c_ptrs, output, mask=c_mask)

    # Store block of C mirrored across the diagonal
    c_ptrs_t = C_ptr + (offs_cn[:, None] * c_stride_r + offs_cm[None, :] * c_stride_c)
    c_mask_t = (offs_cn[:, None] < M) & (offs_cm[None, :] < M)
    tl.store(c_ptrs_t, output.T, mask=c_mask_t)

def ba_plus_cAA(A: torch.Tensor, alpha: float, beta: float, out: torch.Tensor):
    """
    Launch Triton kernel to compute C = alpha * A @ A.T + beta * A
    """
    assert A.ndim == 2 or A.ndim == 3
    M, K = A.shape[-2:]
    assert M == K, "Input matrix must be square"
    assert out.size(-2) == M
    assert out.size(-1) == M

    batch_size = A.size(0) if A.ndim == 3 else 1
    input_batch_stride = A.stride(0) if A.ndim == 3 else 0
    output_batch_stride = out.stride(0) if out.ndim == 3 else 0

    # Hardcoded config based on H100 autotuning (M=768)
    BLOCK_SIZE_M, BLOCK_SIZE_N, BLOCK_SIZE_K = 128, 128, 64
    num_stages, num_warps = 4, 8

    grid = (batch_size * triton.cdiv(M, BLOCK_SIZE_M) * triton.cdiv(M, BLOCK_SIZE_N),)
    ba_plus_cAA_kernel[grid](
        A_ptr=A,
        C_ptr=out,
        M=M,
        a_stride_b=input_batch_stride,
        a_stride_r=A.stride(-2),
        a_stride_c=A.stride(-1),
        c_stride_b=output_batch_stride,
        c_stride_r=out.stride(-2),
        c_stride_c=out.stride(-1),
        alpha=alpha,
        beta=beta,
        BLOCK_SIZE_M=BLOCK_SIZE_M,
        BLOCK_SIZE_N=BLOCK_SIZE_N,
        BLOCK_SIZE_K=BLOCK_SIZE_K,
        GROUP_SIZE_M=8,
        LOWER_UPPER=1,
        num_stages=num_stages,
        num_warps=num_warps,
    )
    return out

# -----------------------------------------------------------------------------
# Triton kernel for MLP: relu(x @ W1.T)^2, by @andrewbriand, @jrauvola

@triton.jit
def linear_relu_square_kernel(a_desc, b_desc, c_desc, aux_desc,
                                 M, N, K,
                                 BLOCK_SIZE_M: tl.constexpr,
                                 BLOCK_SIZE_N: tl.constexpr,
                                 BLOCK_SIZE_K: tl.constexpr,
                                 GROUP_SIZE_M: tl.constexpr,
                                 NUM_SMS: tl.constexpr,
                                 FORWARD: tl.constexpr,
                                 ):
    dtype = tl.bfloat16
    start_pid = tl.program_id(axis=0)
    num_pid_m = tl.cdiv(M, BLOCK_SIZE_M)
    num_pid_n = tl.cdiv(N, BLOCK_SIZE_N)
    k_tiles = tl.cdiv(K, BLOCK_SIZE_K)
    num_tiles = num_pid_m * num_pid_n

    tile_id_c = start_pid - NUM_SMS
    num_pid_in_group = GROUP_SIZE_M * num_pid_n

    for tile_id in tl.range(start_pid, num_tiles, NUM_SMS, flatten=True):
        pid_m = tile_id // num_pid_n
        pid_n = tile_id % num_pid_n
        offs_am = pid_m * BLOCK_SIZE_M
        offs_bn = pid_n * BLOCK_SIZE_N

        accumulator = tl.zeros((BLOCK_SIZE_M, BLOCK_SIZE_N), dtype=tl.float32)
        for ki in range(k_tiles):
            offs_k = ki * BLOCK_SIZE_K
            a = a_desc.load([offs_am, offs_k])
            b = b_desc.load([offs_bn, offs_k])
            accumulator = tl.dot(a, b.T, accumulator)

        tile_id_c += NUM_SMS
        pid_m = tile_id // num_pid_n
        pid_n = tile_id % num_pid_n
        offs_am_c = pid_m * BLOCK_SIZE_M
        offs_bn_c = pid_n * BLOCK_SIZE_N

        acc = tl.reshape(accumulator, (BLOCK_SIZE_M, 2, BLOCK_SIZE_N // 2))
        acc = tl.permute(acc, (0, 2, 1))
        acc0, acc1 = tl.split(acc)

        c0 = acc0.to(dtype)
        if not FORWARD:
            c0_pre = aux_desc.load([offs_am_c, offs_bn_c])
            c0 = 2 * c0 * tl.where(c0_pre > 0, c0_pre, 0)

        c_desc.store([offs_am_c, offs_bn_c], c0)

        if FORWARD:
            c0_post = tl.maximum(c0, 0)
            c0_post = c0_post * c0_post
            aux_desc.store([offs_am_c, offs_bn_c], c0_post)

        c1 = acc1.to(dtype)
        if not FORWARD:
            c1_pre = aux_desc.load([offs_am_c, offs_bn_c + BLOCK_SIZE_N // 2])
            c1 = 2 * c1 * tl.where(c1_pre > 0, c1_pre, 0)

        c_desc.store([offs_am_c, offs_bn_c + BLOCK_SIZE_N // 2], c1)

        if FORWARD:
            c1_post = tl.maximum(c1, 0)
            c1_post = c1_post * c1_post
            aux_desc.store([offs_am_c, offs_bn_c + BLOCK_SIZE_N // 2], c1_post)


def linear_relu_square(a, b, aux=None):
    M, K = a.shape
    N, K = b.shape
    dtype = a.dtype

    c = torch.empty((M, N), device=a.device, dtype=dtype)

    FORWARD = False
    if aux is None:
        FORWARD = True
        aux = torch.empty((M, N), device=a.device, dtype=dtype)

    NUM_SMS = torch.cuda.get_device_properties("cuda").multi_processor_count

    BLOCK_SIZE_M = 128
    BLOCK_SIZE_N = 256
    BLOCK_SIZE_K = 64
    num_stages = 4 if FORWARD else 3
    num_warps = 8

    a_desc = TensorDescriptor.from_tensor(a, [BLOCK_SIZE_M, BLOCK_SIZE_K])
    b_desc = TensorDescriptor.from_tensor(b, [BLOCK_SIZE_N, BLOCK_SIZE_K])
    c_desc = TensorDescriptor.from_tensor(c, [BLOCK_SIZE_M, BLOCK_SIZE_N // 2])
    aux_desc = TensorDescriptor.from_tensor(aux, [BLOCK_SIZE_M, BLOCK_SIZE_N // 2])

    def grid(META):
        return (min(
            NUM_SMS,
            triton.cdiv(M, BLOCK_SIZE_M) * triton.cdiv(N, BLOCK_SIZE_N),
        ), )

    linear_relu_square_kernel[grid](
        a_desc, b_desc, c_desc, aux_desc,
        M, N, K,
        BLOCK_SIZE_M=BLOCK_SIZE_M,
        BLOCK_SIZE_N=BLOCK_SIZE_N,
        BLOCK_SIZE_K=BLOCK_SIZE_K,
        GROUP_SIZE_M=1,
        NUM_SMS=NUM_SMS,
        FORWARD=FORWARD,
        num_stages=num_stages,
        num_warps=num_warps
    )

    if FORWARD:
        return c, aux
    else:
        return c

class FusedLinearReLUSquareFunction(torch.autograd.Function):
    @staticmethod
    def forward(ctx, x, W1, W2):
        pre, post = linear_relu_square(x.view((-1, x.shape[-1])), W1)
        x3 = post @ W2
        ctx.save_for_backward(x, W1, W2, pre, post)
        return x3.view(x.shape)

    @staticmethod
    def backward(ctx, grad_output):
        x, W1, W2, pre, post = ctx.saved_tensors
        dW2 = post.T @ grad_output
        dpre = linear_relu_square(grad_output.view((-1, grad_output.shape[-1])), W2, aux=pre)
        dW1 = dpre.T @ x
        dx = dpre @ W1
        return dx.view(x.shape), dW1, dW2

# -----------------------------------------------------------------------------
# Fused Softcapped Cross Entropy


@triton.jit
def fused_softcapped_entropy_fwd_kernel(
    logits_ptr, losses_ptr, lse_ptr, targets_ptr, mtp_weights_ptr,
    stride_logits_n, stride_logits_v,
    n_rows, n_cols, n_predict,
    A, B, C,
    BLOCK_SIZE: tl.constexpr
):
    row_idx = tl.program_id(0).to(tl.int64)
    logits_row_ptr = logits_ptr + row_idx * stride_logits_n

    max_val = -float('inf')
    sum_exp = 0.0

    inv_C = 1.0 / C
    B_div_C = B * inv_C

    for off in range(0, n_cols, BLOCK_SIZE):
        cols = off + tl.arange(0, BLOCK_SIZE)
        mask = cols < n_cols
        val = tl.load(logits_row_ptr + cols, mask=mask, other=-float('inf')).to(tl.float32)
        z = A * tl.sigmoid(val * inv_C + B_div_C)
        z = tl.where(mask, z, -float('inf'))
        curr_max = tl.max(z, axis=0)
        new_max = tl.maximum(max_val, curr_max)
        sum_exp = sum_exp * tl.exp(max_val - new_max) + tl.sum(tl.exp(z - new_max), axis=0)
        max_val = new_max

    lse = max_val + tl.log(sum_exp)
    tl.store(lse_ptr + row_idx, lse)

    total_loss = 0.0
    for k in range(n_predict):
        target_idx = row_idx + k
        if target_idx < n_rows:
            weight = tl.load(mtp_weights_ptr + k)
            if weight > 0:
                target = tl.load(targets_ptr + target_idx).to(tl.int32)
                if target >= 0 and target < n_cols:
                    val_target = tl.load(logits_row_ptr + target).to(tl.float32)
                    z_target = A * tl.sigmoid(val_target * inv_C + B_div_C)
                    total_loss += weight * (lse - z_target)

    tl.store(losses_ptr + row_idx, total_loss)

@triton.jit
def fused_softcapped_entropy_bwd_kernel(
    grad_input_ptr, grad_output_ptr, lse_ptr, logits_ptr, targets_ptr, mtp_weights_ptr,
    stride_logits_n, stride_logits_v, stride_grad_n, stride_grad_v,
    n_rows, n_cols, n_predict,
    A, B, C,
    grad_s,
    BLOCK_SIZE: tl.constexpr
):
    row_idx = tl.program_id(0).to(tl.int64)

    logits_row_ptr = logits_ptr + row_idx * stride_logits_n
    grad_row_ptr = grad_input_ptr + row_idx * stride_grad_n

    lse = tl.load(lse_ptr + row_idx)
    grad_loss = tl.load(grad_output_ptr + row_idx)

    S_w = 0.0
    for k in range(n_predict):
        if row_idx + k < n_rows:
            S_w += tl.load(mtp_weights_ptr + k)

    inv_C = 1.0 / C
    B_div_C = B * inv_C
    inv_C_A = inv_C * A

    for off in range(0, n_cols, BLOCK_SIZE):
        cols = off + tl.arange(0, BLOCK_SIZE)
        mask = cols < n_cols
        val = tl.load(logits_row_ptr + cols, mask=mask, other=0.0).to(tl.float32)
        u = val * inv_C + B_div_C
        sigmoid_u = tl.sigmoid(u)
        z = A * sigmoid_u
        p = tl.exp(z - lse)

        term1 = S_w * p
        term2 = tl.zeros([BLOCK_SIZE], dtype=tl.float32)
        for k in range(n_predict):
            if row_idx + k < n_rows:
                target = tl.load(targets_ptr + row_idx + k).to(tl.int32)
                weight = tl.load(mtp_weights_ptr + k)
                term2 += tl.where(cols == target, weight, 0.0)

        grad_z = grad_loss * (term1 - term2)
        dz_dx = inv_C_A * sigmoid_u * (1.0 - sigmoid_u)
        grad_x = grad_z * dz_dx
        grad_x = grad_x / grad_s
        grad_x = grad_x.to(tl.float8e5)
        tl.store(grad_row_ptr + cols, grad_x, mask=mask)

class FusedSoftcappedCrossEntropy(torch.autograd.Function):
    @staticmethod
    def forward(ctx, x, targets, mtp_weights, lm_head_weight, x_s, w_s, grad_s, A=23.0, B=5.0, C=7.5):

        x_f8 = x.div(x_s).to(torch.float8_e4m3fn)
        w_f8 = lm_head_weight.div(w_s).to(torch.float8_e4m3fn)

        w_f8_col_major = w_f8.T.contiguous().T

        logits = torch._scaled_mm(
            x_f8,
            w_f8_col_major,
            out_dtype=torch.bfloat16,
            scale_a=x.new_tensor(x_s, dtype=torch.float32),
            scale_b=x.new_tensor(w_s, dtype=torch.float32),
            use_fast_accum=True,
        )

        n_rows, n_cols = logits.shape
        if mtp_weights is None:
             mtp_weights = torch.tensor([1.0], device=logits.device, dtype=torch.float32)
        n_predict = mtp_weights.shape[0]

        losses = torch.empty(n_rows, dtype=torch.float32, device=logits.device)
        lse = torch.empty(n_rows, dtype=torch.float32, device=logits.device)

        logits = logits.contiguous()
        targets = targets.contiguous()
        mtp_weights = mtp_weights.contiguous()

        grid = (n_rows,)
        fused_softcapped_entropy_fwd_kernel[grid](
            logits, losses, lse, targets, mtp_weights,
            logits.stride(0), logits.stride(1),
            n_rows, n_cols, n_predict,
            A, B, C,
            BLOCK_SIZE=1024,
            num_warps=2
        )

        ctx.save_for_backward(logits, targets, mtp_weights, lse, x, lm_head_weight, x_f8, w_f8)
        ctx.params = (A, B, C, x_s, w_s, grad_s)
        return losses

    @staticmethod
    def backward(ctx, grad_output):
        logits, targets, mtp_weights, lse, x, lm_head_weight, x_f8, w_f8 = ctx.saved_tensors
        A, B, C, x_s, w_s, grad_s = ctx.params
        n_rows, n_cols = logits.shape
        n_predict = mtp_weights.shape[0]

        grad_input = torch.empty((n_rows, n_cols), dtype=torch.float8_e5m2, device=logits.device)
        grad_output = grad_output.contiguous()

        grid = (n_rows,)
        fused_softcapped_entropy_bwd_kernel[grid](
            grad_input, grad_output, lse, logits, targets, mtp_weights,
            logits.stride(0), logits.stride(1), grad_input.stride(0), grad_input.stride(1),
            n_rows, n_cols, n_predict,
            A, B, C,
            grad_s,
            BLOCK_SIZE=1024,
            num_warps=2
        )

        x_scale = grad_input.new_tensor(x_s, dtype=torch.float32)
        w_scale = grad_input.new_tensor(w_s, dtype=torch.float32)
        grad_scale = grad_input.new_tensor(grad_s, dtype=torch.float32)

        grad_x = torch._scaled_mm(
            grad_input,
            w_f8.T,
            out_dtype=torch.bfloat16,
            scale_a=grad_scale,
            scale_b=w_scale,
            use_fast_accum=False,
        )

        grad_w = torch._scaled_mm(
            x_f8.T.contiguous(),
            grad_input.T.contiguous().T,
            out_dtype=torch.float32,
            scale_a=x_scale,
            scale_b=grad_scale,
            use_fast_accum=False,
        )

        return grad_x, None, None, grad_w, None, None, None

====================================================================================================
Running Python 3.10.12 (main, Jan 26 2026, 14:55:28) [GCC 11.4.0]
Running PyTorch 2.10.0+cu128 compiled for CUDA 12.8
Running Triton version 3.6.0
Mon Feb 16 17:00:15 2026       
+-----------------------------------------------------------------------------------------+
| NVIDIA-SMI 580.126.09             Driver Version: 580.126.09     CUDA Version: 13.0     |
+-----------------------------------------+------------------------+----------------------+
| GPU  Name                 Persistence-M | Bus-Id          Disp.A | Volatile Uncorr. ECC |
| Fan  Temp   Perf          Pwr:Usage/Cap |           Memory-Usage | GPU-Util  Compute M. |
|                                         |                        |               MIG M. |
|=========================================+========================+======================|
|   0  NVIDIA H100 80GB HBM3          On  |   00000000:04:00.0 Off |                  Off |
| N/A   34C    P0            119W /  700W |    1185MiB /  81559MiB |      2%      Default |
|                                         |                        |             Disabled |
+-----------------------------------------+------------------------+----------------------+

+-----------------------------------------------------------------------------------------+
| Processes:                                                                              |
|  GPU   GI   CI              PID   Type   Process name                        GPU Memory |
|        ID   ID                                                               Usage      |
|=========================================================================================|
|    0   N/A  N/A           28124      C   /usr/bin/python3                       1176MiB |
+-----------------------------------------------------------------------------------------+

====================================================================================================
Compiling model and warming up kernels (~7 minutes on first execution)
Sampling steps [0, 1, 495, 496, 497, 498, 991, 992, 993, 994, 1488, 1489, 1490, 1491] for warmup
Resetting Model
step:0/1530 val_loss:10.8295 train_time:0ms step_avg:0.03ms
step:1/1530 train_time:221ms step_avg:221.50ms
step:2/1530 train_time:452ms step_avg:225.79ms
step:3/1530 train_time:685ms step_avg:228.41ms
step:4/1530 train_time:917ms step_avg:229.13ms
step:5/1530 train_time:1158ms step_avg:231.54ms
step:6/1530 train_time:1392ms step_avg:232.02ms
step:7/1530 train_time:1626ms step_avg:232.31ms
step:8/1530 train_time:1858ms step_avg:232.25ms
step:9/1530 train_time:2097ms step_avg:233.02ms
step:10/1530 train_time:2335ms step_avg:233.50ms
step:11/1530 train_time:2570ms step_avg:233.63ms
step:12/1530 train_time:2801ms step_avg:233.44ms
step:13/1530 train_time:3038ms step_avg:233.72ms
step:14/1530 train_time:3275ms step_avg:233.94ms
step:15/1530 train_time:3512ms step_avg:234.16ms
step:16/1530 train_time:3746ms step_avg:234.13ms
step:17/1530 train_time:3982ms step_avg:234.26ms
step:18/1530 train_time:4219ms step_avg:234.37ms
step:19/1530 train_time:4456ms step_avg:234.54ms
step:20/1530 train_time:4689ms step_avg:234.45ms
step:21/1530 train_time:4924ms step_avg:234.50ms
step:22/1530 train_time:5158ms step_avg:234.45ms
step:23/1530 train_time:5395ms step_avg:234.55ms
step:24/1530 train_time:5628ms step_avg:234.50ms
step:25/1530 train_time:5863ms step_avg:234.51ms
step:26/1530 train_time:6098ms step_avg:234.53ms
step:27/1530 train_time:6334ms step_avg:234.60ms
step:28/1530 train_time:6569ms step_avg:234.62ms
step:29/1530 train_time:6804ms step_avg:234.61ms
step:30/1530 train_time:7038ms step_avg:234.61ms
step:31/1530 train_time:7276ms step_avg:234.70ms
step:32/1530 train_time:7510ms step_avg:234.69ms
step:33/1530 train_time:7747ms step_avg:234.76ms
step:34/1530 train_time:7980ms step_avg:234.72ms
step:35/1530 train_time:8217ms step_avg:234.77ms
step:36/1530 train_time:8450ms step_avg:234.73ms
step:37/1530 train_time:8685ms step_avg:234.74ms
step:38/1530 train_time:8918ms step_avg:234.67ms
step:39/1530 train_time:9153ms step_avg:234.69ms
step:40/1530 train_time:9388ms step_avg:234.69ms
step:41/1530 train_time:9622ms step_avg:234.69ms
step:42/1530 train_time:9855ms step_avg:234.65ms
step:43/1530 train_time:10091ms step_avg:234.67ms
step:44/1530 train_time:10326ms step_avg:234.68ms
step:45/1530 train_time:10562ms step_avg:234.71ms
step:46/1530 train_time:10796ms step_avg:234.70ms
step:47/1530 train_time:11032ms step_avg:234.73ms
step:48/1530 train_time:11265ms step_avg:234.69ms
step:49/1530 train_time:11499ms step_avg:234.68ms
step:50/1530 train_time:11734ms step_avg:234.68ms
step:51/1530 train_time:11971ms step_avg:234.72ms
step:52/1530 train_time:12206ms step_avg:234.73ms
step:53/1530 train_time:12440ms step_avg:234.72ms
step:54/1530 train_time:12673ms step_avg:234.69ms
step:55/1530 train_time:12909ms step_avg:234.72ms
step:56/1530 train_time:13143ms step_avg:234.70ms
step:57/1530 train_time:13380ms step_avg:234.73ms
step:58/1530 train_time:13614ms step_avg:234.72ms
step:59/1530 train_time:13849ms step_avg:234.74ms
step:60/1530 train_time:14084ms step_avg:234.74ms
step:61/1530 train_time:14321ms step_avg:234.76ms
step:62/1530 train_time:14555ms step_avg:234.76ms
step:63/1530 train_time:14791ms step_avg:234.78ms
step:64/1530 train_time:15026ms step_avg:234.78ms
step:65/1530 train_time:15261ms step_avg:234.79ms
step:66/1530 train_time:15494ms step_avg:234.76ms
step:67/1530 train_time:15730ms step_avg:234.78ms
step:68/1530 train_time:15963ms step_avg:234.75ms
step:69/1530 train_time:16200ms step_avg:234.78ms
step:70/1530 train_time:16433ms step_avg:234.76ms
step:71/1530 train_time:16669ms step_avg:234.77ms
step:72/1530 train_time:16903ms step_avg:234.76ms
step:73/1530 train_time:17138ms step_avg:234.76ms
step:74/1530 train_time:17371ms step_avg:234.74ms
step:75/1530 train_time:17608ms step_avg:234.77ms
step:76/1530 train_time:17841ms step_avg:234.74ms
step:77/1530 train_time:18077ms step_avg:234.77ms
step:78/1530 train_time:18311ms step_avg:234.76ms
step:79/1530 train_time:18546ms step_avg:234.76ms
step:80/1530 train_time:18779ms step_avg:234.74ms
step:81/1530 train_time:19014ms step_avg:234.74ms
step:82/1530 train_time:19248ms step_avg:234.73ms
step:83/1530 train_time:19483ms step_avg:234.74ms
step:84/1530 train_time:19716ms step_avg:234.71ms
step:85/1530 train_time:19950ms step_avg:234.71ms
step:86/1530 train_time:20183ms step_avg:234.69ms
step:87/1530 train_time:20419ms step_avg:234.70ms
step:88/1530 train_time:20654ms step_avg:234.70ms
step:89/1530 train_time:20890ms step_avg:234.72ms
step:90/1530 train_time:21124ms step_avg:234.71ms
step:91/1530 train_time:21357ms step_avg:234.70ms
step:92/1530 train_time:21591ms step_avg:234.69ms
step:93/1530 train_time:21827ms step_avg:234.69ms
step:94/1530 train_time:22060ms step_avg:234.68ms
step:95/1530 train_time:22296ms step_avg:234.69ms
step:96/1530 train_time:22529ms step_avg:234.68ms
step:97/1530 train_time:22764ms step_avg:234.68ms
step:98/1530 train_time:22998ms step_avg:234.67ms
step:99/1530 train_time:23233ms step_avg:234.68ms
step:100/1530 train_time:23466ms step_avg:234.66ms
step:101/1530 train_time:23702ms step_avg:234.68ms
step:102/1530 train_time:23935ms step_avg:234.65ms
step:103/1530 train_time:24171ms step_avg:234.67ms
step:104/1530 train_time:24405ms step_avg:234.66ms
step:105/1530 train_time:24639ms step_avg:234.66ms
step:106/1530 train_time:24874ms step_avg:234.66ms
step:107/1530 train_time:25109ms step_avg:234.66ms
step:108/1530 train_time:25342ms step_avg:234.65ms
step:109/1530 train_time:25576ms step_avg:234.64ms
step:110/1530 train_time:25809ms step_avg:234.63ms
step:111/1530 train_time:26044ms step_avg:234.63ms
step:112/1530 train_time:26278ms step_avg:234.63ms
step:113/1530 train_time:26513ms step_avg:234.62ms
step:114/1530 train_time:26746ms step_avg:234.61ms
step:115/1530 train_time:26980ms step_avg:234.61ms
step:116/1530 train_time:27213ms step_avg:234.60ms
step:117/1530 train_time:27449ms step_avg:234.61ms
step:118/1530 train_time:27683ms step_avg:234.60ms
step:119/1530 train_time:27919ms step_avg:234.61ms
step:120/1530 train_time:28153ms step_avg:234.61ms
step:121/1530 train_time:28388ms step_avg:234.61ms
step:122/1530 train_time:28620ms step_avg:234.59ms
step:123/1530 train_time:28856ms step_avg:234.60ms
step:124/1530 train_time:29089ms step_avg:234.59ms
step:125/1530 train_time:29323ms step_avg:234.59ms
step:126/1530 train_time:29555ms step_avg:234.57ms
step:127/1530 train_time:29791ms step_avg:234.57ms
step:128/1530 train_time:30025ms step_avg:234.57ms
step:129/1530 train_time:30260ms step_avg:234.57ms
step:130/1530 train_time:30492ms step_avg:234.56ms
step:131/1530 train_time:30726ms step_avg:234.55ms
step:132/1530 train_time:30959ms step_avg:234.54ms
step:133/1530 train_time:31195ms step_avg:234.55ms
step:134/1530 train_time:31428ms step_avg:234.54ms
step:135/1530 train_time:31663ms step_avg:234.54ms
step:136/1530 train_time:31895ms step_avg:234.53ms
step:137/1530 train_time:32132ms step_avg:234.54ms
step:138/1530 train_time:32365ms step_avg:234.53ms
step:139/1530 train_time:32599ms step_avg:234.52ms
step:140/1530 train_time:32831ms step_avg:234.51ms
step:141/1530 train_time:33065ms step_avg:234.51ms
step:142/1530 train_time:33298ms step_avg:234.50ms
step:143/1530 train_time:33533ms step_avg:234.50ms
step:144/1530 train_time:33764ms step_avg:234.47ms
step:145/1530 train_time:33998ms step_avg:234.47ms
step:146/1530 train_time:34231ms step_avg:234.46ms
step:147/1530 train_time:34466ms step_avg:234.46ms
step:148/1530 train_time:34699ms step_avg:234.45ms
step:149/1530 train_time:34934ms step_avg:234.46ms
step:150/1530 train_time:35166ms step_avg:234.44ms
step:151/1530 train_time:35401ms step_avg:234.44ms
step:152/1530 train_time:35634ms step_avg:234.43ms
step:153/1530 train_time:35869ms step_avg:234.43ms
step:154/1530 train_time:36101ms step_avg:234.42ms
step:155/1530 train_time:36335ms step_avg:234.42ms
step:156/1530 train_time:36568ms step_avg:234.41ms
step:157/1530 train_time:36804ms step_avg:234.42ms
step:158/1530 train_time:37036ms step_avg:234.41ms
step:159/1530 train_time:37270ms step_avg:234.40ms
step:160/1530 train_time:37502ms step_avg:234.39ms
step:161/1530 train_time:37738ms step_avg:234.40ms
step:162/1530 train_time:37970ms step_avg:234.38ms
step:163/1530 train_time:38206ms step_avg:234.39ms
step:164/1530 train_time:38438ms step_avg:234.38ms
step:165/1530 train_time:38672ms step_avg:234.38ms
step:166/1530 train_time:38905ms step_avg:234.37ms
step:167/1530 train_time:39140ms step_avg:234.37ms
step:168/1530 train_time:39373ms step_avg:234.36ms
step:169/1530 train_time:39608ms step_avg:234.37ms
step:170/1530 train_time:39842ms step_avg:234.36ms
step:171/1530 train_time:40077ms step_avg:234.37ms
step:172/1530 train_time:40309ms step_avg:234.35ms
step:173/1530 train_time:40543ms step_avg:234.35ms
step:174/1530 train_time:40776ms step_avg:234.35ms
step:175/1530 train_time:41011ms step_avg:234.35ms
step:176/1530 train_time:41243ms step_avg:234.34ms
step:177/1530 train_time:41477ms step_avg:234.33ms
step:178/1530 train_time:41709ms step_avg:234.32ms
step:179/1530 train_time:41943ms step_avg:234.32ms
step:180/1530 train_time:42177ms step_avg:234.31ms
step:181/1530 train_time:42412ms step_avg:234.32ms
step:182/1530 train_time:42644ms step_avg:234.31ms
step:183/1530 train_time:42878ms step_avg:234.31ms
step:184/1530 train_time:43111ms step_avg:234.30ms
step:185/1530 train_time:43346ms step_avg:234.30ms
step:186/1530 train_time:43579ms step_avg:234.30ms
step:187/1530 train_time:43813ms step_avg:234.30ms
step:188/1530 train_time:44045ms step_avg:234.28ms
step:189/1530 train_time:44278ms step_avg:234.28ms
step:190/1530 train_time:44512ms step_avg:234.27ms
step:191/1530 train_time:44747ms step_avg:234.28ms
step:192/1530 train_time:44979ms step_avg:234.27ms
step:193/1530 train_time:45212ms step_avg:234.26ms
step:194/1530 train_time:45445ms step_avg:234.25ms
step:195/1530 train_time:45680ms step_avg:234.26ms
step:196/1530 train_time:45912ms step_avg:234.25ms
step:197/1530 train_time:46146ms step_avg:234.24ms
step:198/1530 train_time:46378ms step_avg:234.23ms
step:199/1530 train_time:46613ms step_avg:234.24ms
step:200/1530 train_time:46847ms step_avg:234.23ms
step:201/1530 train_time:47081ms step_avg:234.23ms
step:202/1530 train_time:47313ms step_avg:234.22ms
step:203/1530 train_time:47547ms step_avg:234.22ms
step:204/1530 train_time:47780ms step_avg:234.22ms
step:205/1530 train_time:48015ms step_avg:234.22ms
step:206/1530 train_time:48247ms step_avg:234.21ms
step:207/1530 train_time:48481ms step_avg:234.21ms
step:208/1530 train_time:48714ms step_avg:234.20ms
step:209/1530 train_time:48947ms step_avg:234.20ms
step:210/1530 train_time:49180ms step_avg:234.19ms
step:211/1530 train_time:49414ms step_avg:234.19ms
step:212/1530 train_time:49648ms step_avg:234.19ms
step:213/1530 train_time:49882ms step_avg:234.19ms
step:214/1530 train_time:50114ms step_avg:234.18ms
step:215/1530 train_time:50349ms step_avg:234.18ms
step:216/1530 train_time:50581ms step_avg:234.17ms
step:217/1530 train_time:50815ms step_avg:234.17ms
step:218/1530 train_time:51047ms step_avg:234.16ms
step:219/1530 train_time:51282ms step_avg:234.16ms
step:220/1530 train_time:51515ms step_avg:234.16ms
step:221/1530 train_time:51751ms step_avg:234.17ms
step:222/1530 train_time:51982ms step_avg:234.15ms
step:223/1530 train_time:52218ms step_avg:234.16ms
step:224/1530 train_time:52450ms step_avg:234.15ms
step:225/1530 train_time:52686ms step_avg:234.16ms
step:226/1530 train_time:52918ms step_avg:234.15ms
step:227/1530 train_time:53153ms step_avg:234.15ms
step:228/1530 train_time:53386ms step_avg:234.15ms
step:229/1530 train_time:53619ms step_avg:234.15ms
step:230/1530 train_time:53852ms step_avg:234.14ms
step:231/1530 train_time:54087ms step_avg:234.14ms
step:232/1530 train_time:54319ms step_avg:234.13ms
step:233/1530 train_time:54553ms step_avg:234.13ms
step:234/1530 train_time:54785ms step_avg:234.13ms
step:235/1530 train_time:55020ms step_avg:234.13ms
step:236/1530 train_time:55253ms step_avg:234.12ms
step:237/1530 train_time:55486ms step_avg:234.12ms
step:238/1530 train_time:55718ms step_avg:234.11ms
step:239/1530 train_time:55953ms step_avg:234.11ms
step:240/1530 train_time:56186ms step_avg:234.11ms
step:241/1530 train_time:56421ms step_avg:234.11ms
step:242/1530 train_time:56652ms step_avg:234.10ms
step:243/1530 train_time:56886ms step_avg:234.10ms
step:244/1530 train_time:57119ms step_avg:234.09ms
step:245/1530 train_time:57353ms step_avg:234.10ms
step:246/1530 train_time:57586ms step_avg:234.09ms
step:247/1530 train_time:57820ms step_avg:234.09ms
step:248/1530 train_time:58051ms step_avg:234.08ms
step:249/1530 train_time:58286ms step_avg:234.08ms
step:250/1530 train_time:58518ms step_avg:234.07ms
step:250/1530 val_loss:4.5314 train_time:58567ms step_avg:234.27ms
step:251/1530 train_time:58754ms step_avg:234.08ms
step:252/1530 train_time:58984ms step_avg:234.06ms
step:253/1530 train_time:59219ms step_avg:234.07ms
step:254/1530 train_time:59451ms step_avg:234.06ms
step:255/1530 train_time:59687ms step_avg:234.07ms
step:256/1530 train_time:59919ms step_avg:234.06ms
step:257/1530 train_time:60152ms step_avg:234.05ms
step:258/1530 train_time:60383ms step_avg:234.04ms
step:259/1530 train_time:60618ms step_avg:234.05ms
step:260/1530 train_time:60850ms step_avg:234.04ms
step:261/1530 train_time:61084ms step_avg:234.04ms
step:262/1530 train_time:61317ms step_avg:234.04ms
step:263/1530 train_time:61551ms step_avg:234.03ms
step:264/1530 train_time:61784ms step_avg:234.03ms
step:265/1530 train_time:62016ms step_avg:234.02ms
step:266/1530 train_time:62248ms step_avg:234.02ms
step:267/1530 train_time:62482ms step_avg:234.02ms
step:268/1530 train_time:62713ms step_avg:234.01ms
step:269/1530 train_time:62949ms step_avg:234.01ms
step:270/1530 train_time:63181ms step_avg:234.00ms
step:271/1530 train_time:63417ms step_avg:234.01ms
step:272/1530 train_time:63649ms step_avg:234.00ms
step:273/1530 train_time:63883ms step_avg:234.00ms
step:274/1530 train_time:64115ms step_avg:234.00ms
step:275/1530 train_time:64350ms step_avg:234.00ms
step:276/1530 train_time:64582ms step_avg:233.99ms
step:277/1530 train_time:64817ms step_avg:234.00ms
step:278/1530 train_time:65048ms step_avg:233.99ms
step:279/1530 train_time:65283ms step_avg:233.99ms
step:280/1530 train_time:65515ms step_avg:233.98ms
step:281/1530 train_time:65750ms step_avg:233.99ms
step:282/1530 train_time:65982ms step_avg:233.98ms
step:283/1530 train_time:66217ms step_avg:233.98ms
step:284/1530 train_time:66449ms step_avg:233.97ms
step:285/1530 train_time:66683ms step_avg:233.98ms
step:286/1530 train_time:66915ms step_avg:233.97ms
step:287/1530 train_time:67150ms step_avg:233.97ms
step:288/1530 train_time:67383ms step_avg:233.97ms
step:289/1530 train_time:67617ms step_avg:233.97ms
step:290/1530 train_time:67848ms step_avg:233.96ms
step:291/1530 train_time:68083ms step_avg:233.96ms
step:292/1530 train_time:68315ms step_avg:233.95ms
step:293/1530 train_time:68549ms step_avg:233.96ms
step:294/1530 train_time:68783ms step_avg:233.96ms
step:295/1530 train_time:69017ms step_avg:233.95ms
step:296/1530 train_time:69249ms step_avg:233.95ms
step:297/1530 train_time:69483ms step_avg:233.95ms
step:298/1530 train_time:69715ms step_avg:233.94ms
step:299/1530 train_time:69949ms step_avg:233.94ms
step:300/1530 train_time:70182ms step_avg:233.94ms
step:301/1530 train_time:70415ms step_avg:233.94ms
step:302/1530 train_time:70647ms step_avg:233.93ms
step:303/1530 train_time:70881ms step_avg:233.93ms
step:304/1530 train_time:71111ms step_avg:233.92ms
step:305/1530 train_time:71345ms step_avg:233.92ms
step:306/1530 train_time:71578ms step_avg:233.91ms
step:307/1530 train_time:71811ms step_avg:233.91ms
step:308/1530 train_time:72042ms step_avg:233.90ms
step:309/1530 train_time:72274ms step_avg:233.90ms
step:310/1530 train_time:72508ms step_avg:233.90ms
step:311/1530 train_time:72741ms step_avg:233.89ms
step:312/1530 train_time:72974ms step_avg:233.89ms
step:313/1530 train_time:73208ms step_avg:233.89ms
step:314/1530 train_time:73439ms step_avg:233.88ms
step:315/1530 train_time:73673ms step_avg:233.88ms
step:316/1530 train_time:73905ms step_avg:233.88ms
step:317/1530 train_time:74139ms step_avg:233.88ms
step:318/1530 train_time:74370ms step_avg:233.87ms
step:319/1530 train_time:74604ms step_avg:233.87ms
step:320/1530 train_time:74836ms step_avg:233.86ms
step:321/1530 train_time:75070ms step_avg:233.86ms
step:322/1530 train_time:75302ms step_avg:233.86ms
step:323/1530 train_time:75537ms step_avg:233.86ms
step:324/1530 train_time:75769ms step_avg:233.86ms
step:325/1530 train_time:76004ms step_avg:233.86ms
step:326/1530 train_time:76236ms step_avg:233.85ms
step:327/1530 train_time:76471ms step_avg:233.86ms
step:328/1530 train_time:76703ms step_avg:233.85ms
step:329/1530 train_time:76937ms step_avg:233.85ms
step:330/1530 train_time:77169ms step_avg:233.85ms
step:331/1530 train_time:77403ms step_avg:233.85ms
step:332/1530 train_time:77636ms step_avg:233.84ms
step:333/1530 train_time:77869ms step_avg:233.84ms
step:334/1530 train_time:78102ms step_avg:233.84ms
step:335/1530 train_time:78336ms step_avg:233.84ms
step:336/1530 train_time:78569ms step_avg:233.84ms
step:337/1530 train_time:78803ms step_avg:233.84ms
step:338/1530 train_time:79036ms step_avg:233.83ms
step:339/1530 train_time:79271ms step_avg:233.84ms
step:340/1530 train_time:79503ms step_avg:233.83ms
step:341/1530 train_time:79737ms step_avg:233.83ms
step:342/1530 train_time:79968ms step_avg:233.83ms
step:343/1530 train_time:80201ms step_avg:233.82ms
step:344/1530 train_time:80434ms step_avg:233.82ms
step:345/1530 train_time:80669ms step_avg:233.82ms
step:346/1530 train_time:80902ms step_avg:233.82ms
step:347/1530 train_time:81136ms step_avg:233.82ms
step:348/1530 train_time:81367ms step_avg:233.81ms
step:349/1530 train_time:81600ms step_avg:233.81ms
step:350/1530 train_time:81831ms step_avg:233.80ms
step:351/1530 train_time:82067ms step_avg:233.81ms
step:352/1530 train_time:82298ms step_avg:233.80ms
step:353/1530 train_time:82532ms step_avg:233.80ms
step:354/1530 train_time:82763ms step_avg:233.79ms
step:355/1530 train_time:82997ms step_avg:233.79ms
step:356/1530 train_time:83230ms step_avg:233.79ms
step:357/1530 train_time:83463ms step_avg:233.79ms
step:358/1530 train_time:83695ms step_avg:233.79ms
step:359/1530 train_time:83930ms step_avg:233.79ms
step:360/1530 train_time:84162ms step_avg:233.78ms
step:361/1530 train_time:84396ms step_avg:233.78ms
step:362/1530 train_time:84628ms step_avg:233.78ms
step:363/1530 train_time:84862ms step_avg:233.78ms
step:364/1530 train_time:85093ms step_avg:233.77ms
step:365/1530 train_time:85329ms step_avg:233.78ms
step:366/1530 train_time:85561ms step_avg:233.77ms
step:367/1530 train_time:85795ms step_avg:233.77ms
step:368/1530 train_time:86026ms step_avg:233.77ms
step:369/1530 train_time:86260ms step_avg:233.77ms
step:370/1530 train_time:86493ms step_avg:233.77ms
step:371/1530 train_time:86729ms step_avg:233.77ms
step:372/1530 train_time:86961ms step_avg:233.77ms
step:373/1530 train_time:87195ms step_avg:233.77ms
step:374/1530 train_time:87426ms step_avg:233.76ms
step:375/1530 train_time:87661ms step_avg:233.76ms
step:376/1530 train_time:87894ms step_avg:233.76ms
step:377/1530 train_time:88127ms step_avg:233.76ms
step:378/1530 train_time:88360ms step_avg:233.76ms
step:379/1530 train_time:88595ms step_avg:233.76ms
step:380/1530 train_time:88827ms step_avg:233.75ms
step:381/1530 train_time:89060ms step_avg:233.75ms
step:382/1530 train_time:89292ms step_avg:233.75ms
step:383/1530 train_time:89526ms step_avg:233.75ms
step:384/1530 train_time:89757ms step_avg:233.74ms
step:385/1530 train_time:89990ms step_avg:233.74ms
step:386/1530 train_time:90221ms step_avg:233.73ms
step:387/1530 train_time:90456ms step_avg:233.74ms
step:388/1530 train_time:90687ms step_avg:233.73ms
step:389/1530 train_time:90921ms step_avg:233.73ms
step:390/1530 train_time:91154ms step_avg:233.73ms
step:391/1530 train_time:91387ms step_avg:233.73ms
step:392/1530 train_time:91619ms step_avg:233.72ms
step:393/1530 train_time:91854ms step_avg:233.72ms
step:394/1530 train_time:92085ms step_avg:233.72ms
step:395/1530 train_time:92317ms step_avg:233.71ms
step:396/1530 train_time:92549ms step_avg:233.71ms
step:397/1530 train_time:92782ms step_avg:233.71ms
step:398/1530 train_time:93015ms step_avg:233.71ms
step:399/1530 train_time:93249ms step_avg:233.71ms
step:400/1530 train_time:93482ms step_avg:233.70ms
step:401/1530 train_time:93716ms step_avg:233.71ms
step:402/1530 train_time:93948ms step_avg:233.70ms
step:403/1530 train_time:94183ms step_avg:233.71ms
step:404/1530 train_time:94415ms step_avg:233.70ms
step:405/1530 train_time:94648ms step_avg:233.70ms
step:406/1530 train_time:94879ms step_avg:233.69ms
step:407/1530 train_time:95114ms step_avg:233.70ms
step:408/1530 train_time:95347ms step_avg:233.69ms
step:409/1530 train_time:95581ms step_avg:233.69ms
step:410/1530 train_time:95814ms step_avg:233.69ms
step:411/1530 train_time:96048ms step_avg:233.69ms
step:412/1530 train_time:96279ms step_avg:233.69ms
step:413/1530 train_time:96514ms step_avg:233.69ms
step:414/1530 train_time:96744ms step_avg:233.68ms
step:415/1530 train_time:96978ms step_avg:233.68ms
step:416/1530 train_time:97210ms step_avg:233.68ms
step:417/1530 train_time:97444ms step_avg:233.68ms
step:418/1530 train_time:97675ms step_avg:233.67ms
step:419/1530 train_time:97910ms step_avg:233.67ms
step:420/1530 train_time:98141ms step_avg:233.67ms
step:421/1530 train_time:98376ms step_avg:233.67ms
step:422/1530 train_time:98607ms step_avg:233.67ms
step:423/1530 train_time:98840ms step_avg:233.67ms
step:424/1530 train_time:99072ms step_avg:233.66ms
step:425/1530 train_time:99306ms step_avg:233.66ms
step:426/1530 train_time:99538ms step_avg:233.66ms
step:427/1530 train_time:99772ms step_avg:233.66ms
step:428/1530 train_time:100003ms step_avg:233.65ms
step:429/1530 train_time:100237ms step_avg:233.65ms
step:430/1530 train_time:100469ms step_avg:233.65ms
step:431/1530 train_time:100704ms step_avg:233.65ms
step:432/1530 train_time:100934ms step_avg:233.64ms
step:433/1530 train_time:101168ms step_avg:233.65ms
step:434/1530 train_time:101400ms step_avg:233.64ms
step:435/1530 train_time:101635ms step_avg:233.64ms
step:436/1530 train_time:101866ms step_avg:233.64ms
step:437/1530 train_time:102100ms step_avg:233.64ms
step:438/1530 train_time:102332ms step_avg:233.64ms
step:439/1530 train_time:102567ms step_avg:233.64ms
step:440/1530 train_time:102798ms step_avg:233.63ms
step:441/1530 train_time:103033ms step_avg:233.64ms
step:442/1530 train_time:103266ms step_avg:233.63ms
step:443/1530 train_time:103499ms step_avg:233.63ms
step:444/1530 train_time:103732ms step_avg:233.63ms
step:445/1530 train_time:103965ms step_avg:233.63ms
step:446/1530 train_time:104196ms step_avg:233.62ms
step:447/1530 train_time:104430ms step_avg:233.62ms
step:448/1530 train_time:104662ms step_avg:233.62ms
step:449/1530 train_time:104896ms step_avg:233.62ms
step:450/1530 train_time:105128ms step_avg:233.62ms
step:451/1530 train_time:105362ms step_avg:233.62ms
step:452/1530 train_time:105593ms step_avg:233.61ms
step:453/1530 train_time:105826ms step_avg:233.61ms
step:454/1530 train_time:106059ms step_avg:233.61ms
step:455/1530 train_time:106292ms step_avg:233.61ms
step:456/1530 train_time:106524ms step_avg:233.61ms
step:457/1530 train_time:106758ms step_avg:233.61ms
step:458/1530 train_time:106989ms step_avg:233.60ms
step:459/1530 train_time:107223ms step_avg:233.60ms
step:460/1530 train_time:107453ms step_avg:233.59ms
step:461/1530 train_time:107688ms step_avg:233.60ms
step:462/1530 train_time:107919ms step_avg:233.59ms
step:463/1530 train_time:108152ms step_avg:233.59ms
step:464/1530 train_time:108384ms step_avg:233.59ms
step:465/1530 train_time:108618ms step_avg:233.59ms
step:466/1530 train_time:108851ms step_avg:233.59ms
step:467/1530 train_time:109086ms step_avg:233.59ms
step:468/1530 train_time:109316ms step_avg:233.58ms
step:469/1530 train_time:109550ms step_avg:233.58ms
step:470/1530 train_time:109783ms step_avg:233.58ms
step:471/1530 train_time:110016ms step_avg:233.58ms
step:472/1530 train_time:110248ms step_avg:233.58ms
step:473/1530 train_time:110482ms step_avg:233.58ms
step:474/1530 train_time:110714ms step_avg:233.57ms
step:475/1530 train_time:110949ms step_avg:233.58ms
step:476/1530 train_time:111182ms step_avg:233.58ms
step:477/1530 train_time:111415ms step_avg:233.57ms
step:478/1530 train_time:111647ms step_avg:233.57ms
step:479/1530 train_time:111881ms step_avg:233.57ms
step:480/1530 train_time:112113ms step_avg:233.57ms
step:481/1530 train_time:112348ms step_avg:233.57ms
step:482/1530 train_time:112580ms step_avg:233.57ms
step:483/1530 train_time:112814ms step_avg:233.57ms
step:484/1530 train_time:113047ms step_avg:233.57ms
step:485/1530 train_time:113280ms step_avg:233.57ms
step:486/1530 train_time:113512ms step_avg:233.56ms
step:487/1530 train_time:113746ms step_avg:233.57ms
step:488/1530 train_time:113979ms step_avg:233.56ms
step:489/1530 train_time:114213ms step_avg:233.56ms
step:490/1530 train_time:114445ms step_avg:233.56ms
step:491/1530 train_time:114677ms step_avg:233.56ms
step:492/1530 train_time:114908ms step_avg:233.55ms
step:493/1530 train_time:115143ms step_avg:233.56ms
step:494/1530 train_time:115375ms step_avg:233.55ms
step:495/1530 train_time:115608ms step_avg:233.55ms
step:496/1530 train_time:115840ms step_avg:233.55ms
step:497/1530 train_time:116073ms step_avg:233.55ms
step:498/1530 train_time:116478ms step_avg:233.89ms
step:499/1530 train_time:116910ms step_avg:234.29ms
step:500/1530 train_time:117343ms step_avg:234.69ms
step:500/1530 val_loss:4.3692 train_time:117424ms step_avg:234.85ms
step:501/1530 train_time:117775ms step_avg:235.08ms
step:502/1530 train_time:118212ms step_avg:235.48ms
step:503/1530 train_time:118645ms step_avg:235.87ms
step:504/1530 train_time:119078ms step_avg:236.27ms
step:505/1530 train_time:119513ms step_avg:236.66ms
step:506/1530 train_time:119943ms step_avg:237.04ms
step:507/1530 train_time:120378ms step_avg:237.43ms
step:508/1530 train_time:120811ms step_avg:237.82ms
step:509/1530 train_time:121245ms step_avg:238.20ms
step:510/1530 train_time:121679ms step_avg:238.59ms
step:511/1530 train_time:122110ms step_avg:238.96ms
step:512/1530 train_time:122545ms step_avg:239.34ms
step:513/1530 train_time:122977ms step_avg:239.72ms
step:514/1530 train_time:123412ms step_avg:240.10ms
step:515/1530 train_time:123847ms step_avg:240.48ms
step:516/1530 train_time:124279ms step_avg:240.85ms
step:517/1530 train_time:124715ms step_avg:241.23ms
step:518/1530 train_time:125148ms step_avg:241.60ms
step:519/1530 train_time:125582ms step_avg:241.97ms
step:520/1530 train_time:126016ms step_avg:242.34ms
step:521/1530 train_time:126450ms step_avg:242.71ms
step:522/1530 train_time:126883ms step_avg:243.07ms
step:523/1530 train_time:127316ms step_avg:243.43ms
step:524/1530 train_time:127749ms step_avg:243.80ms
step:525/1530 train_time:128183ms step_avg:244.16ms
step:526/1530 train_time:128615ms step_avg:244.52ms
step:527/1530 train_time:129049ms step_avg:244.87ms
step:528/1530 train_time:129480ms step_avg:245.23ms
step:529/1530 train_time:129917ms step_avg:245.59ms
step:530/1530 train_time:130350ms step_avg:245.94ms
step:531/1530 train_time:130781ms step_avg:246.29ms
step:532/1530 train_time:131213ms step_avg:246.64ms
step:533/1530 train_time:131647ms step_avg:246.99ms
step:534/1530 train_time:132079ms step_avg:247.34ms
step:535/1530 train_time:132510ms step_avg:247.68ms
step:536/1530 train_time:132943ms step_avg:248.03ms
step:537/1530 train_time:133377ms step_avg:248.38ms
step:538/1530 train_time:133811ms step_avg:248.72ms
step:539/1530 train_time:134243ms step_avg:249.06ms
step:540/1530 train_time:134675ms step_avg:249.40ms
step:541/1530 train_time:135109ms step_avg:249.74ms
step:542/1530 train_time:135544ms step_avg:250.08ms
step:543/1530 train_time:135978ms step_avg:250.42ms
step:544/1530 train_time:136411ms step_avg:250.76ms
step:545/1530 train_time:136845ms step_avg:251.09ms
step:546/1530 train_time:137276ms step_avg:251.42ms
step:547/1530 train_time:137710ms step_avg:251.76ms
step:548/1530 train_time:138145ms step_avg:252.09ms
step:549/1530 train_time:138577ms step_avg:252.42ms
step:550/1530 train_time:139011ms step_avg:252.75ms
step:551/1530 train_time:139444ms step_avg:253.07ms
step:552/1530 train_time:139877ms step_avg:253.40ms
step:553/1530 train_time:140311ms step_avg:253.73ms
step:554/1530 train_time:140743ms step_avg:254.05ms
step:555/1530 train_time:141177ms step_avg:254.37ms
step:556/1530 train_time:141611ms step_avg:254.70ms
step:557/1530 train_time:142044ms step_avg:255.02ms
step:558/1530 train_time:142475ms step_avg:255.33ms
step:559/1530 train_time:142909ms step_avg:255.65ms
step:560/1530 train_time:143340ms step_avg:255.96ms
step:561/1530 train_time:143773ms step_avg:256.28ms
step:562/1530 train_time:144205ms step_avg:256.59ms
step:563/1530 train_time:144637ms step_avg:256.90ms
step:564/1530 train_time:145073ms step_avg:257.22ms
step:565/1530 train_time:145503ms step_avg:257.53ms
step:566/1530 train_time:145937ms step_avg:257.84ms
step:567/1530 train_time:146371ms step_avg:258.15ms
step:568/1530 train_time:146803ms step_avg:258.46ms
step:569/1530 train_time:147238ms step_avg:258.77ms
step:570/1530 train_time:147672ms step_avg:259.07ms
step:571/1530 train_time:148104ms step_avg:259.38ms
step:572/1530 train_time:148538ms step_avg:259.68ms
step:573/1530 train_time:148970ms step_avg:259.98ms
step:574/1530 train_time:149403ms step_avg:260.28ms
step:575/1530 train_time:149837ms step_avg:260.59ms
step:576/1530 train_time:150272ms step_avg:260.89ms
step:577/1530 train_time:150707ms step_avg:261.19ms
step:578/1530 train_time:151139ms step_avg:261.49ms
step:579/1530 train_time:151572ms step_avg:261.78ms
step:580/1530 train_time:152005ms step_avg:262.08ms
step:581/1530 train_time:152438ms step_avg:262.37ms
step:582/1530 train_time:152870ms step_avg:262.66ms
step:583/1530 train_time:153304ms step_avg:262.96ms
step:584/1530 train_time:153736ms step_avg:263.25ms
step:585/1530 train_time:154168ms step_avg:263.53ms
step:586/1530 train_time:154599ms step_avg:263.82ms
step:587/1530 train_time:155033ms step_avg:264.11ms
step:588/1530 train_time:155464ms step_avg:264.39ms
step:589/1530 train_time:155898ms step_avg:264.68ms
step:590/1530 train_time:156330ms step_avg:264.97ms
step:591/1530 train_time:156763ms step_avg:265.25ms
step:592/1530 train_time:157198ms step_avg:265.54ms
step:593/1530 train_time:157631ms step_avg:265.82ms
step:594/1530 train_time:158064ms step_avg:266.10ms
step:595/1530 train_time:158497ms step_avg:266.38ms
step:596/1530 train_time:158929ms step_avg:266.66ms
step:597/1530 train_time:159364ms step_avg:266.94ms
step:598/1530 train_time:159797ms step_avg:267.22ms
step:599/1530 train_time:160231ms step_avg:267.50ms
step:600/1530 train_time:160662ms step_avg:267.77ms
step:601/1530 train_time:161097ms step_avg:268.05ms
step:602/1530 train_time:161532ms step_avg:268.32ms
step:603/1530 train_time:161963ms step_avg:268.60ms
step:604/1530 train_time:162398ms step_avg:268.87ms
step:605/1530 train_time:162831ms step_avg:269.14ms
step:606/1530 train_time:163263ms step_avg:269.41ms
step:607/1530 train_time:163696ms step_avg:269.68ms
step:608/1530 train_time:164130ms step_avg:269.95ms
step:609/1530 train_time:164563ms step_avg:270.22ms
step:610/1530 train_time:164995ms step_avg:270.48ms
step:611/1530 train_time:165429ms step_avg:270.75ms
step:612/1530 train_time:165860ms step_avg:271.01ms
step:613/1530 train_time:166297ms step_avg:271.28ms
step:614/1530 train_time:166728ms step_avg:271.54ms
step:615/1530 train_time:167161ms step_avg:271.81ms
step:616/1530 train_time:167596ms step_avg:272.07ms
step:617/1530 train_time:168029ms step_avg:272.33ms
step:618/1530 train_time:168460ms step_avg:272.59ms
step:619/1530 train_time:168892ms step_avg:272.85ms
step:620/1530 train_time:169324ms step_avg:273.10ms
step:621/1530 train_time:169757ms step_avg:273.36ms
step:622/1530 train_time:170191ms step_avg:273.62ms
step:623/1530 train_time:170624ms step_avg:273.87ms
step:624/1530 train_time:171056ms step_avg:274.13ms
step:625/1530 train_time:171490ms step_avg:274.38ms
step:626/1530 train_time:171923ms step_avg:274.64ms
step:627/1530 train_time:172356ms step_avg:274.89ms
step:628/1530 train_time:172789ms step_avg:275.14ms
step:629/1530 train_time:173222ms step_avg:275.39ms
step:630/1530 train_time:173655ms step_avg:275.64ms
step:631/1530 train_time:174090ms step_avg:275.90ms
step:632/1530 train_time:174521ms step_avg:276.14ms
step:633/1530 train_time:174955ms step_avg:276.39ms
step:634/1530 train_time:175388ms step_avg:276.64ms
step:635/1530 train_time:175821ms step_avg:276.88ms
step:636/1530 train_time:176251ms step_avg:277.12ms
step:637/1530 train_time:176683ms step_avg:277.37ms
step:638/1530 train_time:177116ms step_avg:277.61ms
step:639/1530 train_time:177549ms step_avg:277.85ms
step:640/1530 train_time:177980ms step_avg:278.09ms
step:641/1530 train_time:178416ms step_avg:278.34ms
step:642/1530 train_time:178848ms step_avg:278.58ms
step:643/1530 train_time:179282ms step_avg:278.82ms
step:644/1530 train_time:179714ms step_avg:279.06ms
step:645/1530 train_time:180148ms step_avg:279.30ms
step:646/1530 train_time:180582ms step_avg:279.54ms
step:647/1530 train_time:181015ms step_avg:279.78ms
step:648/1530 train_time:181447ms step_avg:280.01ms
step:649/1530 train_time:181879ms step_avg:280.24ms
step:650/1530 train_time:182311ms step_avg:280.48ms
step:651/1530 train_time:182744ms step_avg:280.71ms
step:652/1530 train_time:183177ms step_avg:280.95ms
step:653/1530 train_time:183611ms step_avg:281.18ms
step:654/1530 train_time:184044ms step_avg:281.41ms
step:655/1530 train_time:184477ms step_avg:281.64ms
step:656/1530 train_time:184911ms step_avg:281.88ms
step:657/1530 train_time:185345ms step_avg:282.11ms
step:658/1530 train_time:185777ms step_avg:282.34ms
step:659/1530 train_time:186210ms step_avg:282.56ms
step:660/1530 train_time:186641ms step_avg:282.79ms
step:661/1530 train_time:187073ms step_avg:283.02ms
step:662/1530 train_time:187506ms step_avg:283.24ms
step:663/1530 train_time:187937ms step_avg:283.46ms
step:664/1530 train_time:188369ms step_avg:283.69ms
step:665/1530 train_time:188801ms step_avg:283.91ms
step:666/1530 train_time:189233ms step_avg:284.13ms
step:667/1530 train_time:189664ms step_avg:284.35ms
step:668/1530 train_time:190098ms step_avg:284.58ms
step:669/1530 train_time:190531ms step_avg:284.80ms
step:670/1530 train_time:190964ms step_avg:285.02ms
step:671/1530 train_time:191397ms step_avg:285.24ms
step:672/1530 train_time:191830ms step_avg:285.46ms
step:673/1530 train_time:192262ms step_avg:285.68ms
step:674/1530 train_time:192694ms step_avg:285.90ms
step:675/1530 train_time:193128ms step_avg:286.12ms
step:676/1530 train_time:193560ms step_avg:286.33ms
step:677/1530 train_time:193993ms step_avg:286.55ms
step:678/1530 train_time:194425ms step_avg:286.76ms
step:679/1530 train_time:194857ms step_avg:286.98ms
step:680/1530 train_time:195293ms step_avg:287.20ms
step:681/1530 train_time:195727ms step_avg:287.41ms
step:682/1530 train_time:196159ms step_avg:287.62ms
step:683/1530 train_time:196593ms step_avg:287.84ms
step:684/1530 train_time:197025ms step_avg:288.05ms
step:685/1530 train_time:197457ms step_avg:288.26ms
step:686/1530 train_time:197890ms step_avg:288.47ms
step:687/1530 train_time:198324ms step_avg:288.68ms
step:688/1530 train_time:198757ms step_avg:288.89ms
step:689/1530 train_time:199191ms step_avg:289.10ms
step:690/1530 train_time:199623ms step_avg:289.31ms
step:691/1530 train_time:200055ms step_avg:289.51ms
step:692/1530 train_time:200486ms step_avg:289.72ms
step:693/1530 train_time:200917ms step_avg:289.92ms
step:694/1530 train_time:201350ms step_avg:290.13ms
step:695/1530 train_time:201783ms step_avg:290.34ms
step:696/1530 train_time:202215ms step_avg:290.54ms
step:697/1530 train_time:202649ms step_avg:290.74ms
step:698/1530 train_time:203080ms step_avg:290.94ms
step:699/1530 train_time:203514ms step_avg:291.15ms
step:700/1530 train_time:203946ms step_avg:291.35ms
step:701/1530 train_time:204379ms step_avg:291.55ms
step:702/1530 train_time:204812ms step_avg:291.75ms
step:703/1530 train_time:205243ms step_avg:291.95ms
step:704/1530 train_time:205677ms step_avg:292.16ms
step:705/1530 train_time:206111ms step_avg:292.36ms
step:706/1530 train_time:206542ms step_avg:292.55ms
step:707/1530 train_time:206975ms step_avg:292.75ms
step:708/1530 train_time:207407ms step_avg:292.95ms
step:709/1530 train_time:207839ms step_avg:293.14ms
step:710/1530 train_time:208271ms step_avg:293.34ms
step:711/1530 train_time:208704ms step_avg:293.54ms
step:712/1530 train_time:209136ms step_avg:293.73ms
step:713/1530 train_time:209569ms step_avg:293.93ms
step:714/1530 train_time:209999ms step_avg:294.12ms
step:715/1530 train_time:210431ms step_avg:294.31ms
step:716/1530 train_time:210864ms step_avg:294.50ms
step:717/1530 train_time:211297ms step_avg:294.70ms
step:718/1530 train_time:211729ms step_avg:294.89ms
step:719/1530 train_time:212162ms step_avg:295.08ms
step:720/1530 train_time:212597ms step_avg:295.27ms
step:721/1530 train_time:213030ms step_avg:295.46ms
step:722/1530 train_time:213462ms step_avg:295.65ms
step:723/1530 train_time:213897ms step_avg:295.85ms
step:724/1530 train_time:214328ms step_avg:296.03ms
step:725/1530 train_time:214762ms step_avg:296.22ms
step:726/1530 train_time:215194ms step_avg:296.41ms
step:727/1530 train_time:215627ms step_avg:296.60ms
step:728/1530 train_time:216060ms step_avg:296.79ms
step:729/1530 train_time:216492ms step_avg:296.97ms
step:730/1530 train_time:216923ms step_avg:297.15ms
step:731/1530 train_time:217357ms step_avg:297.34ms
step:732/1530 train_time:217789ms step_avg:297.53ms
step:733/1530 train_time:218222ms step_avg:297.71ms
step:734/1530 train_time:218655ms step_avg:297.89ms
step:735/1530 train_time:219088ms step_avg:298.08ms
step:736/1530 train_time:219520ms step_avg:298.26ms
step:737/1530 train_time:219954ms step_avg:298.45ms
step:738/1530 train_time:220388ms step_avg:298.63ms
step:739/1530 train_time:220821ms step_avg:298.81ms
step:740/1530 train_time:221254ms step_avg:298.99ms
step:741/1530 train_time:221687ms step_avg:299.17ms
step:742/1530 train_time:222119ms step_avg:299.35ms
step:743/1530 train_time:222550ms step_avg:299.53ms
step:744/1530 train_time:222982ms step_avg:299.71ms
step:745/1530 train_time:223415ms step_avg:299.89ms
step:746/1530 train_time:223847ms step_avg:300.06ms
step:747/1530 train_time:224279ms step_avg:300.24ms
step:748/1530 train_time:224711ms step_avg:300.42ms
step:749/1530 train_time:225145ms step_avg:300.59ms
step:750/1530 train_time:225577ms step_avg:300.77ms
step:750/1530 val_loss:3.8644 train_time:225658ms step_avg:300.88ms
step:751/1530 train_time:226010ms step_avg:300.94ms
step:752/1530 train_time:226442ms step_avg:301.12ms
step:753/1530 train_time:226875ms step_avg:301.29ms
step:754/1530 train_time:227308ms step_avg:301.47ms
step:755/1530 train_time:227740ms step_avg:301.64ms
step:756/1530 train_time:228173ms step_avg:301.82ms
step:757/1530 train_time:228607ms step_avg:301.99ms
step:758/1530 train_time:229041ms step_avg:302.16ms
step:759/1530 train_time:229474ms step_avg:302.34ms
step:760/1530 train_time:229906ms step_avg:302.51ms
step:761/1530 train_time:230338ms step_avg:302.68ms
step:762/1530 train_time:230772ms step_avg:302.85ms
step:763/1530 train_time:231206ms step_avg:303.02ms
step:764/1530 train_time:231637ms step_avg:303.19ms
step:765/1530 train_time:232070ms step_avg:303.36ms
step:766/1530 train_time:232501ms step_avg:303.53ms
step:767/1530 train_time:232934ms step_avg:303.69ms
step:768/1530 train_time:233367ms step_avg:303.86ms
step:769/1530 train_time:233799ms step_avg:304.03ms
step:770/1530 train_time:234232ms step_avg:304.20ms
step:771/1530 train_time:234663ms step_avg:304.36ms
step:772/1530 train_time:235095ms step_avg:304.53ms
step:773/1530 train_time:235529ms step_avg:304.69ms
step:774/1530 train_time:235959ms step_avg:304.86ms
step:775/1530 train_time:236392ms step_avg:305.02ms
step:776/1530 train_time:236825ms step_avg:305.19ms
step:777/1530 train_time:237259ms step_avg:305.35ms
step:778/1530 train_time:237690ms step_avg:305.51ms
step:779/1530 train_time:238122ms step_avg:305.68ms
step:780/1530 train_time:238555ms step_avg:305.84ms
step:781/1530 train_time:238986ms step_avg:306.00ms
step:782/1530 train_time:239419ms step_avg:306.16ms
step:783/1530 train_time:239851ms step_avg:306.32ms
step:784/1530 train_time:240281ms step_avg:306.48ms
step:785/1530 train_time:240714ms step_avg:306.64ms
step:786/1530 train_time:241147ms step_avg:306.80ms
step:787/1530 train_time:241580ms step_avg:306.96ms
step:788/1530 train_time:242015ms step_avg:307.13ms
step:789/1530 train_time:242448ms step_avg:307.29ms
step:790/1530 train_time:242880ms step_avg:307.44ms
step:791/1530 train_time:243312ms step_avg:307.60ms
step:792/1530 train_time:243744ms step_avg:307.76ms
step:793/1530 train_time:244176ms step_avg:307.91ms
step:794/1530 train_time:244608ms step_avg:308.07ms
step:795/1530 train_time:245040ms step_avg:308.23ms
step:796/1530 train_time:245472ms step_avg:308.38ms
step:797/1530 train_time:245906ms step_avg:308.54ms
step:798/1530 train_time:246338ms step_avg:308.69ms
step:799/1530 train_time:246772ms step_avg:308.85ms
step:800/1530 train_time:247206ms step_avg:309.01ms
step:801/1530 train_time:247637ms step_avg:309.16ms
step:802/1530 train_time:248070ms step_avg:309.31ms
step:803/1530 train_time:248502ms step_avg:309.47ms
step:804/1530 train_time:248933ms step_avg:309.62ms
step:805/1530 train_time:249367ms step_avg:309.77ms
step:806/1530 train_time:249798ms step_avg:309.92ms
step:807/1530 train_time:250231ms step_avg:310.08ms
step:808/1530 train_time:250662ms step_avg:310.23ms
step:809/1530 train_time:251095ms step_avg:310.38ms
step:810/1530 train_time:251528ms step_avg:310.53ms
step:811/1530 train_time:251961ms step_avg:310.68ms
step:812/1530 train_time:252391ms step_avg:310.83ms
step:813/1530 train_time:252823ms step_avg:310.98ms
step:814/1530 train_time:253256ms step_avg:311.13ms
step:815/1530 train_time:253689ms step_avg:311.27ms
step:816/1530 train_time:254121ms step_avg:311.42ms
step:817/1530 train_time:254553ms step_avg:311.57ms
step:818/1530 train_time:254986ms step_avg:311.72ms
step:819/1530 train_time:255419ms step_avg:311.87ms
step:820/1530 train_time:255850ms step_avg:312.01ms
step:821/1530 train_time:256282ms step_avg:312.16ms
step:822/1530 train_time:256714ms step_avg:312.30ms
step:823/1530 train_time:257148ms step_avg:312.45ms
step:824/1530 train_time:257581ms step_avg:312.60ms
step:825/1530 train_time:258014ms step_avg:312.74ms
step:826/1530 train_time:258446ms step_avg:312.89ms
step:827/1530 train_time:258878ms step_avg:313.03ms
step:828/1530 train_time:259310ms step_avg:313.18ms
step:829/1530 train_time:259742ms step_avg:313.32ms
step:830/1530 train_time:260174ms step_avg:313.46ms
step:831/1530 train_time:260607ms step_avg:313.61ms
step:832/1530 train_time:261039ms step_avg:313.75ms
step:833/1530 train_time:261472ms step_avg:313.89ms
step:834/1530 train_time:261903ms step_avg:314.03ms
step:835/1530 train_time:262334ms step_avg:314.17ms
step:836/1530 train_time:262767ms step_avg:314.31ms
step:837/1530 train_time:263201ms step_avg:314.46ms
step:838/1530 train_time:263633ms step_avg:314.60ms
step:839/1530 train_time:264066ms step_avg:314.74ms
step:840/1530 train_time:264496ms step_avg:314.88ms
step:841/1530 train_time:264929ms step_avg:315.02ms
step:842/1530 train_time:265361ms step_avg:315.16ms
step:843/1530 train_time:265793ms step_avg:315.29ms
step:844/1530 train_time:266226ms step_avg:315.43ms
step:845/1530 train_time:266658ms step_avg:315.57ms
step:846/1530 train_time:267091ms step_avg:315.71ms
step:847/1530 train_time:267522ms step_avg:315.85ms
step:848/1530 train_time:267954ms step_avg:315.98ms
step:849/1530 train_time:268386ms step_avg:316.12ms
step:850/1530 train_time:268817ms step_avg:316.26ms
step:851/1530 train_time:269250ms step_avg:316.39ms
step:852/1530 train_time:269682ms step_avg:316.53ms
step:853/1530 train_time:270115ms step_avg:316.66ms
step:854/1530 train_time:270547ms step_avg:316.80ms
step:855/1530 train_time:270980ms step_avg:316.94ms
step:856/1530 train_time:271412ms step_avg:317.07ms
step:857/1530 train_time:271844ms step_avg:317.20ms
step:858/1530 train_time:272277ms step_avg:317.34ms
step:859/1530 train_time:272709ms step_avg:317.47ms
step:860/1530 train_time:273142ms step_avg:317.61ms
step:861/1530 train_time:273574ms step_avg:317.74ms
step:862/1530 train_time:274006ms step_avg:317.87ms
step:863/1530 train_time:274437ms step_avg:318.00ms
step:864/1530 train_time:274870ms step_avg:318.14ms
step:865/1530 train_time:275303ms step_avg:318.27ms
step:866/1530 train_time:275735ms step_avg:318.40ms
step:867/1530 train_time:276167ms step_avg:318.53ms
step:868/1530 train_time:276597ms step_avg:318.66ms
step:869/1530 train_time:277029ms step_avg:318.79ms
step:870/1530 train_time:277459ms step_avg:318.92ms
step:871/1530 train_time:277891ms step_avg:319.05ms
step:872/1530 train_time:278322ms step_avg:319.18ms
step:873/1530 train_time:278754ms step_avg:319.31ms
step:874/1530 train_time:279187ms step_avg:319.44ms
step:875/1530 train_time:279621ms step_avg:319.57ms
step:876/1530 train_time:280052ms step_avg:319.69ms
step:877/1530 train_time:280485ms step_avg:319.82ms
step:878/1530 train_time:280918ms step_avg:319.95ms
step:879/1530 train_time:281350ms step_avg:320.08ms
step:880/1530 train_time:281781ms step_avg:320.21ms
step:881/1530 train_time:282213ms step_avg:320.33ms
step:882/1530 train_time:282644ms step_avg:320.46ms
step:883/1530 train_time:283078ms step_avg:320.59ms
step:884/1530 train_time:283509ms step_avg:320.71ms
step:885/1530 train_time:283942ms step_avg:320.84ms
step:886/1530 train_time:284374ms step_avg:320.96ms
step:887/1530 train_time:284807ms step_avg:321.09ms
step:888/1530 train_time:285238ms step_avg:321.21ms
step:889/1530 train_time:285670ms step_avg:321.34ms
step:890/1530 train_time:286102ms step_avg:321.46ms
step:891/1530 train_time:286533ms step_avg:321.59ms
step:892/1530 train_time:286968ms step_avg:321.71ms
step:893/1530 train_time:287400ms step_avg:321.84ms
step:894/1530 train_time:287832ms step_avg:321.96ms
step:895/1530 train_time:288265ms step_avg:322.08ms
step:896/1530 train_time:288698ms step_avg:322.21ms
step:897/1530 train_time:289130ms step_avg:322.33ms
step:898/1530 train_time:289562ms step_avg:322.45ms
step:899/1530 train_time:289994ms step_avg:322.57ms
step:900/1530 train_time:290426ms step_avg:322.70ms
step:901/1530 train_time:290859ms step_avg:322.82ms
step:902/1530 train_time:291290ms step_avg:322.94ms
step:903/1530 train_time:291724ms step_avg:323.06ms
step:904/1530 train_time:292155ms step_avg:323.18ms
step:905/1530 train_time:292587ms step_avg:323.30ms
step:906/1530 train_time:293020ms step_avg:323.42ms
step:907/1530 train_time:293451ms step_avg:323.54ms
step:908/1530 train_time:293882ms step_avg:323.66ms
step:909/1530 train_time:294315ms step_avg:323.78ms
step:910/1530 train_time:294748ms step_avg:323.90ms
step:911/1530 train_time:295180ms step_avg:324.02ms
step:912/1530 train_time:295614ms step_avg:324.14ms
step:913/1530 train_time:296047ms step_avg:324.26ms
step:914/1530 train_time:296479ms step_avg:324.38ms
step:915/1530 train_time:296912ms step_avg:324.49ms
step:916/1530 train_time:297342ms step_avg:324.61ms
step:917/1530 train_time:297775ms step_avg:324.73ms
step:918/1530 train_time:298208ms step_avg:324.85ms
step:919/1530 train_time:298640ms step_avg:324.96ms
step:920/1530 train_time:299074ms step_avg:325.08ms
step:921/1530 train_time:299507ms step_avg:325.20ms
step:922/1530 train_time:299937ms step_avg:325.31ms
step:923/1530 train_time:300371ms step_avg:325.43ms
step:924/1530 train_time:300802ms step_avg:325.54ms
step:925/1530 train_time:301238ms step_avg:325.66ms
step:926/1530 train_time:301669ms step_avg:325.78ms
step:927/1530 train_time:302098ms step_avg:325.89ms
step:928/1530 train_time:302532ms step_avg:326.00ms
step:929/1530 train_time:302966ms step_avg:326.12ms
step:930/1530 train_time:303395ms step_avg:326.23ms
step:931/1530 train_time:303828ms step_avg:326.35ms
step:932/1530 train_time:304259ms step_avg:326.46ms
step:933/1530 train_time:304693ms step_avg:326.57ms
step:934/1530 train_time:305126ms step_avg:326.69ms
step:935/1530 train_time:305557ms step_avg:326.80ms
step:936/1530 train_time:305990ms step_avg:326.91ms
step:937/1530 train_time:306423ms step_avg:327.03ms
step:938/1530 train_time:306855ms step_avg:327.14ms
step:939/1530 train_time:307288ms step_avg:327.25ms
step:940/1530 train_time:307721ms step_avg:327.36ms
step:941/1530 train_time:308153ms step_avg:327.47ms
step:942/1530 train_time:308584ms step_avg:327.58ms
step:943/1530 train_time:309016ms step_avg:327.70ms
step:944/1530 train_time:309448ms step_avg:327.80ms
step:945/1530 train_time:309880ms step_avg:327.92ms
step:946/1530 train_time:310313ms step_avg:328.03ms
step:947/1530 train_time:310747ms step_avg:328.14ms
step:948/1530 train_time:311180ms step_avg:328.25ms
step:949/1530 train_time:311612ms step_avg:328.36ms
step:950/1530 train_time:312045ms step_avg:328.47ms
step:951/1530 train_time:312477ms step_avg:328.58ms
step:952/1530 train_time:312908ms step_avg:328.69ms
step:953/1530 train_time:313342ms step_avg:328.80ms
step:954/1530 train_time:313774ms step_avg:328.90ms
step:955/1530 train_time:314206ms step_avg:329.01ms
step:956/1530 train_time:314638ms step_avg:329.12ms
step:957/1530 train_time:315071ms step_avg:329.23ms
step:958/1530 train_time:315501ms step_avg:329.33ms
step:959/1530 train_time:315934ms step_avg:329.44ms
step:960/1530 train_time:316368ms step_avg:329.55ms
step:961/1530 train_time:316799ms step_avg:329.66ms
step:962/1530 train_time:317231ms step_avg:329.76ms
step:963/1530 train_time:317663ms step_avg:329.87ms
step:964/1530 train_time:318094ms step_avg:329.97ms
step:965/1530 train_time:318527ms step_avg:330.08ms
step:966/1530 train_time:318959ms step_avg:330.19ms
step:967/1530 train_time:319394ms step_avg:330.29ms
step:968/1530 train_time:319825ms step_avg:330.40ms
step:969/1530 train_time:320258ms step_avg:330.50ms
step:970/1530 train_time:320690ms step_avg:330.61ms
step:971/1530 train_time:321123ms step_avg:330.71ms
step:972/1530 train_time:321555ms step_avg:330.82ms
step:973/1530 train_time:321986ms step_avg:330.92ms
step:974/1530 train_time:322419ms step_avg:331.03ms
step:975/1530 train_time:322852ms step_avg:331.13ms
step:976/1530 train_time:323284ms step_avg:331.23ms
step:977/1530 train_time:323717ms step_avg:331.34ms
step:978/1530 train_time:324148ms step_avg:331.44ms
step:979/1530 train_time:324581ms step_avg:331.54ms
step:980/1530 train_time:325012ms step_avg:331.64ms
step:981/1530 train_time:325446ms step_avg:331.75ms
step:982/1530 train_time:325877ms step_avg:331.85ms
step:983/1530 train_time:326309ms step_avg:331.95ms
step:984/1530 train_time:326740ms step_avg:332.05ms
step:985/1530 train_time:327172ms step_avg:332.15ms
step:986/1530 train_time:327604ms step_avg:332.26ms
step:987/1530 train_time:328037ms step_avg:332.36ms
step:988/1530 train_time:328471ms step_avg:332.46ms
step:989/1530 train_time:328906ms step_avg:332.56ms
step:990/1530 train_time:329337ms step_avg:332.66ms
step:991/1530 train_time:329771ms step_avg:332.77ms
step:992/1530 train_time:330203ms step_avg:332.87ms
step:993/1530 train_time:330634ms step_avg:332.96ms
step:994/1530 train_time:331245ms step_avg:333.24ms
step:995/1530 train_time:331883ms step_avg:333.55ms
step:996/1530 train_time:332522ms step_avg:333.86ms
step:997/1530 train_time:333161ms step_avg:334.16ms
step:998/1530 train_time:333798ms step_avg:334.47ms
step:999/1530 train_time:334437ms step_avg:334.77ms
step:1000/1530 train_time:335073ms step_avg:335.07ms
step:1000/1530 val_loss:3.5587 train_time:335185ms step_avg:335.18ms
step:1001/1530 train_time:335714ms step_avg:335.38ms
step:1002/1530 train_time:336352ms step_avg:335.68ms
step:1003/1530 train_time:336991ms step_avg:335.98ms
step:1004/1530 train_time:337627ms step_avg:336.28ms
step:1005/1530 train_time:338265ms step_avg:336.58ms
step:1006/1530 train_time:338902ms step_avg:336.88ms
step:1007/1530 train_time:339540ms step_avg:337.18ms
step:1008/1530 train_time:340178ms step_avg:337.48ms
step:1009/1530 train_time:340814ms step_avg:337.77ms
step:1010/1530 train_time:341453ms step_avg:338.07ms
step:1011/1530 train_time:342091ms step_avg:338.37ms
step:1012/1530 train_time:342730ms step_avg:338.67ms
step:1013/1530 train_time:343368ms step_avg:338.96ms
step:1014/1530 train_time:344007ms step_avg:339.26ms
step:1015/1530 train_time:344649ms step_avg:339.56ms
step:1016/1530 train_time:345288ms step_avg:339.85ms
step:1017/1530 train_time:345927ms step_avg:340.14ms
step:1018/1530 train_time:346564ms step_avg:340.44ms
step:1019/1530 train_time:347201ms step_avg:340.73ms
step:1020/1530 train_time:347841ms step_avg:341.02ms
step:1021/1530 train_time:348480ms step_avg:341.31ms
step:1022/1530 train_time:349117ms step_avg:341.60ms
step:1023/1530 train_time:349753ms step_avg:341.89ms
step:1024/1530 train_time:350392ms step_avg:342.18ms
step:1025/1530 train_time:351030ms step_avg:342.47ms
step:1026/1530 train_time:351668ms step_avg:342.76ms
step:1027/1530 train_time:352305ms step_avg:343.04ms
step:1028/1530 train_time:352942ms step_avg:343.33ms
step:1029/1530 train_time:353580ms step_avg:343.62ms
step:1030/1530 train_time:354221ms step_avg:343.90ms
step:1031/1530 train_time:354860ms step_avg:344.19ms
step:1032/1530 train_time:355498ms step_avg:344.47ms
step:1033/1530 train_time:356135ms step_avg:344.76ms
step:1034/1530 train_time:356772ms step_avg:345.04ms
step:1035/1530 train_time:357409ms step_avg:345.32ms
step:1036/1530 train_time:358050ms step_avg:345.61ms
step:1037/1530 train_time:358690ms step_avg:345.89ms
step:1038/1530 train_time:359327ms step_avg:346.17ms
step:1039/1530 train_time:359968ms step_avg:346.46ms
step:1040/1530 train_time:360607ms step_avg:346.74ms
step:1041/1530 train_time:361246ms step_avg:347.02ms
step:1042/1530 train_time:361883ms step_avg:347.30ms
step:1043/1530 train_time:362523ms step_avg:347.58ms
step:1044/1530 train_time:363160ms step_avg:347.85ms
step:1045/1530 train_time:363797ms step_avg:348.13ms
step:1046/1530 train_time:364435ms step_avg:348.41ms
step:1047/1530 train_time:365073ms step_avg:348.69ms
step:1048/1530 train_time:365712ms step_avg:348.96ms
step:1049/1530 train_time:366350ms step_avg:349.24ms
step:1050/1530 train_time:366988ms step_avg:349.51ms
step:1051/1530 train_time:367626ms step_avg:349.79ms
step:1052/1530 train_time:368266ms step_avg:350.06ms
step:1053/1530 train_time:368903ms step_avg:350.33ms
step:1054/1530 train_time:369537ms step_avg:350.60ms
step:1055/1530 train_time:370177ms step_avg:350.88ms
step:1056/1530 train_time:370813ms step_avg:351.15ms
step:1057/1530 train_time:371449ms step_avg:351.42ms
step:1058/1530 train_time:372092ms step_avg:351.69ms
step:1059/1530 train_time:372731ms step_avg:351.96ms
step:1060/1530 train_time:373367ms step_avg:352.23ms
step:1061/1530 train_time:374005ms step_avg:352.50ms
step:1062/1530 train_time:374644ms step_avg:352.77ms
step:1063/1530 train_time:375284ms step_avg:353.04ms
step:1064/1530 train_time:375921ms step_avg:353.31ms
step:1065/1530 train_time:376559ms step_avg:353.58ms
step:1066/1530 train_time:377196ms step_avg:353.84ms
step:1067/1530 train_time:377832ms step_avg:354.11ms
step:1068/1530 train_time:378471ms step_avg:354.37ms
step:1069/1530 train_time:379109ms step_avg:354.64ms
step:1070/1530 train_time:379744ms step_avg:354.90ms
step:1071/1530 train_time:380382ms step_avg:355.17ms
step:1072/1530 train_time:381020ms step_avg:355.43ms
step:1073/1530 train_time:381659ms step_avg:355.69ms
step:1074/1530 train_time:382295ms step_avg:355.95ms
step:1075/1530 train_time:382934ms step_avg:356.22ms
step:1076/1530 train_time:383572ms step_avg:356.48ms
step:1077/1530 train_time:384209ms step_avg:356.74ms
step:1078/1530 train_time:384846ms step_avg:357.00ms
step:1079/1530 train_time:385483ms step_avg:357.26ms
step:1080/1530 train_time:386118ms step_avg:357.52ms
step:1081/1530 train_time:386757ms step_avg:357.78ms
step:1082/1530 train_time:387393ms step_avg:358.03ms
step:1083/1530 train_time:388029ms step_avg:358.29ms
step:1084/1530 train_time:388669ms step_avg:358.55ms
step:1085/1530 train_time:389305ms step_avg:358.81ms
step:1086/1530 train_time:389944ms step_avg:359.06ms
step:1087/1530 train_time:390581ms step_avg:359.32ms
step:1088/1530 train_time:391219ms step_avg:359.58ms
step:1089/1530 train_time:391855ms step_avg:359.83ms
step:1090/1530 train_time:392491ms step_avg:360.08ms
step:1091/1530 train_time:393131ms step_avg:360.34ms
step:1092/1530 train_time:393770ms step_avg:360.60ms
step:1093/1530 train_time:394410ms step_avg:360.85ms
step:1094/1530 train_time:395050ms step_avg:361.11ms
step:1095/1530 train_time:395691ms step_avg:361.36ms
step:1096/1530 train_time:396330ms step_avg:361.62ms
step:1097/1530 train_time:396968ms step_avg:361.87ms
step:1098/1530 train_time:397607ms step_avg:362.12ms
step:1099/1530 train_time:398243ms step_avg:362.37ms
step:1100/1530 train_time:398880ms step_avg:362.62ms
step:1101/1530 train_time:399518ms step_avg:362.87ms
step:1102/1530 train_time:400156ms step_avg:363.12ms
step:1103/1530 train_time:400791ms step_avg:363.36ms
step:1104/1530 train_time:401429ms step_avg:363.61ms
step:1105/1530 train_time:402068ms step_avg:363.86ms
step:1106/1530 train_time:402707ms step_avg:364.11ms
step:1107/1530 train_time:403343ms step_avg:364.36ms
step:1108/1530 train_time:403981ms step_avg:364.60ms
step:1109/1530 train_time:404620ms step_avg:364.85ms
step:1110/1530 train_time:405256ms step_avg:365.10ms
step:1111/1530 train_time:405897ms step_avg:365.34ms
step:1112/1530 train_time:406535ms step_avg:365.59ms
step:1113/1530 train_time:407176ms step_avg:365.84ms
step:1114/1530 train_time:407813ms step_avg:366.08ms
step:1115/1530 train_time:408452ms step_avg:366.32ms
step:1116/1530 train_time:409090ms step_avg:366.57ms
step:1117/1530 train_time:409727ms step_avg:366.81ms
step:1118/1530 train_time:410367ms step_avg:367.05ms
step:1119/1530 train_time:411006ms step_avg:367.30ms
step:1120/1530 train_time:411644ms step_avg:367.54ms
step:1121/1530 train_time:412284ms step_avg:367.78ms
step:1122/1530 train_time:412920ms step_avg:368.02ms
step:1123/1530 train_time:413558ms step_avg:368.26ms
step:1124/1530 train_time:414195ms step_avg:368.50ms
step:1125/1530 train_time:414835ms step_avg:368.74ms
step:1126/1530 train_time:415471ms step_avg:368.98ms
step:1127/1530 train_time:416109ms step_avg:369.22ms
step:1128/1530 train_time:416748ms step_avg:369.46ms
step:1129/1530 train_time:417385ms step_avg:369.69ms
step:1130/1530 train_time:418022ms step_avg:369.93ms
step:1131/1530 train_time:418661ms step_avg:370.17ms
step:1132/1530 train_time:419296ms step_avg:370.40ms
step:1133/1530 train_time:419934ms step_avg:370.64ms
step:1134/1530 train_time:420571ms step_avg:370.87ms
step:1135/1530 train_time:421208ms step_avg:371.11ms
step:1136/1530 train_time:421846ms step_avg:371.34ms
step:1137/1530 train_time:422485ms step_avg:371.58ms
step:1138/1530 train_time:423121ms step_avg:371.81ms
step:1139/1530 train_time:423756ms step_avg:372.04ms
step:1140/1530 train_time:424392ms step_avg:372.27ms
step:1141/1530 train_time:425030ms step_avg:372.51ms
step:1142/1530 train_time:425667ms step_avg:372.74ms
step:1143/1530 train_time:426305ms step_avg:372.97ms
step:1144/1530 train_time:426942ms step_avg:373.20ms
step:1145/1530 train_time:427580ms step_avg:373.43ms
step:1146/1530 train_time:428220ms step_avg:373.66ms
step:1147/1530 train_time:428859ms step_avg:373.90ms
step:1148/1530 train_time:429499ms step_avg:374.13ms
step:1149/1530 train_time:430136ms step_avg:374.36ms
step:1150/1530 train_time:430772ms step_avg:374.58ms
step:1151/1530 train_time:431411ms step_avg:374.81ms
step:1152/1530 train_time:432048ms step_avg:375.04ms
step:1153/1530 train_time:432687ms step_avg:375.27ms
step:1154/1530 train_time:433325ms step_avg:375.50ms
step:1155/1530 train_time:433964ms step_avg:375.73ms
step:1156/1530 train_time:434599ms step_avg:375.95ms
step:1157/1530 train_time:435238ms step_avg:376.18ms
step:1158/1530 train_time:435874ms step_avg:376.40ms
step:1159/1530 train_time:436511ms step_avg:376.63ms
step:1160/1530 train_time:437148ms step_avg:376.85ms
step:1161/1530 train_time:437787ms step_avg:377.08ms
step:1162/1530 train_time:438427ms step_avg:377.30ms
step:1163/1530 train_time:439062ms step_avg:377.53ms
step:1164/1530 train_time:439699ms step_avg:377.75ms
step:1165/1530 train_time:440336ms step_avg:377.97ms
step:1166/1530 train_time:440973ms step_avg:378.19ms
step:1167/1530 train_time:441613ms step_avg:378.42ms
step:1168/1530 train_time:442250ms step_avg:378.64ms
step:1169/1530 train_time:442890ms step_avg:378.86ms
step:1170/1530 train_time:443529ms step_avg:379.08ms
step:1171/1530 train_time:444166ms step_avg:379.30ms
step:1172/1530 train_time:444802ms step_avg:379.52ms
step:1173/1530 train_time:445440ms step_avg:379.74ms
step:1174/1530 train_time:446077ms step_avg:379.96ms
step:1175/1530 train_time:446714ms step_avg:380.18ms
step:1176/1530 train_time:447352ms step_avg:380.40ms
step:1177/1530 train_time:447989ms step_avg:380.62ms
step:1178/1530 train_time:448628ms step_avg:380.84ms
step:1179/1530 train_time:449266ms step_avg:381.06ms
step:1180/1530 train_time:449906ms step_avg:381.28ms
step:1181/1530 train_time:450544ms step_avg:381.49ms
step:1182/1530 train_time:451181ms step_avg:381.71ms
step:1183/1530 train_time:451820ms step_avg:381.93ms
step:1184/1530 train_time:452456ms step_avg:382.14ms
step:1185/1530 train_time:453096ms step_avg:382.36ms
step:1186/1530 train_time:453736ms step_avg:382.58ms
step:1187/1530 train_time:454374ms step_avg:382.79ms
step:1188/1530 train_time:455011ms step_avg:383.01ms
step:1189/1530 train_time:455651ms step_avg:383.22ms
step:1190/1530 train_time:456287ms step_avg:383.43ms
step:1191/1530 train_time:456927ms step_avg:383.65ms
step:1192/1530 train_time:457563ms step_avg:383.86ms
step:1193/1530 train_time:458200ms step_avg:384.07ms
step:1194/1530 train_time:458838ms step_avg:384.29ms
step:1195/1530 train_time:459474ms step_avg:384.50ms
step:1196/1530 train_time:460114ms step_avg:384.71ms
step:1197/1530 train_time:460751ms step_avg:384.92ms
step:1198/1530 train_time:461390ms step_avg:385.13ms
step:1199/1530 train_time:462026ms step_avg:385.34ms
step:1200/1530 train_time:462664ms step_avg:385.55ms
step:1201/1530 train_time:463300ms step_avg:385.76ms
step:1202/1530 train_time:463938ms step_avg:385.97ms
step:1203/1530 train_time:464574ms step_avg:386.18ms
step:1204/1530 train_time:465212ms step_avg:386.39ms
step:1205/1530 train_time:465850ms step_avg:386.60ms
step:1206/1530 train_time:466488ms step_avg:386.81ms
step:1207/1530 train_time:467126ms step_avg:387.01ms
step:1208/1530 train_time:467763ms step_avg:387.22ms
step:1209/1530 train_time:468401ms step_avg:387.43ms
step:1210/1530 train_time:469039ms step_avg:387.64ms
step:1211/1530 train_time:469677ms step_avg:387.84ms
step:1212/1530 train_time:470313ms step_avg:388.05ms
step:1213/1530 train_time:470950ms step_avg:388.25ms
step:1214/1530 train_time:471591ms step_avg:388.46ms
step:1215/1530 train_time:472229ms step_avg:388.67ms
step:1216/1530 train_time:472864ms step_avg:388.87ms
step:1217/1530 train_time:473502ms step_avg:389.07ms
step:1218/1530 train_time:474137ms step_avg:389.28ms
step:1219/1530 train_time:474776ms step_avg:389.48ms
step:1220/1530 train_time:475412ms step_avg:389.68ms
step:1221/1530 train_time:476052ms step_avg:389.89ms
step:1222/1530 train_time:476690ms step_avg:390.09ms
step:1223/1530 train_time:477328ms step_avg:390.29ms
step:1224/1530 train_time:477968ms step_avg:390.50ms
step:1225/1530 train_time:478606ms step_avg:390.70ms
step:1226/1530 train_time:479243ms step_avg:390.90ms
step:1227/1530 train_time:479880ms step_avg:391.10ms
step:1228/1530 train_time:480517ms step_avg:391.30ms
step:1229/1530 train_time:481154ms step_avg:391.50ms
step:1230/1530 train_time:481792ms step_avg:391.70ms
step:1231/1530 train_time:482430ms step_avg:391.90ms
step:1232/1530 train_time:483068ms step_avg:392.10ms
step:1233/1530 train_time:483708ms step_avg:392.30ms
step:1234/1530 train_time:484346ms step_avg:392.50ms
step:1235/1530 train_time:484986ms step_avg:392.70ms
step:1236/1530 train_time:485624ms step_avg:392.90ms
step:1237/1530 train_time:486266ms step_avg:393.10ms
step:1238/1530 train_time:486903ms step_avg:393.30ms
step:1239/1530 train_time:487542ms step_avg:393.50ms
step:1240/1530 train_time:488177ms step_avg:393.69ms
step:1241/1530 train_time:488815ms step_avg:393.89ms
step:1242/1530 train_time:489453ms step_avg:394.08ms
step:1243/1530 train_time:490091ms step_avg:394.28ms
step:1244/1530 train_time:490729ms step_avg:394.48ms
step:1245/1530 train_time:491369ms step_avg:394.67ms
step:1246/1530 train_time:492008ms step_avg:394.87ms
step:1247/1530 train_time:492645ms step_avg:395.06ms
step:1248/1530 train_time:493281ms step_avg:395.26ms
step:1249/1530 train_time:493920ms step_avg:395.45ms
step:1250/1530 train_time:494558ms step_avg:395.65ms
step:1250/1530 val_loss:3.3946 train_time:494670ms step_avg:395.74ms
step:1251/1530 train_time:495197ms step_avg:395.84ms
step:1252/1530 train_time:495838ms step_avg:396.04ms
step:1253/1530 train_time:496477ms step_avg:396.23ms
step:1254/1530 train_time:497113ms step_avg:396.42ms
step:1255/1530 train_time:497752ms step_avg:396.62ms
step:1256/1530 train_time:498392ms step_avg:396.81ms
step:1257/1530 train_time:499029ms step_avg:397.00ms
step:1258/1530 train_time:499668ms step_avg:397.19ms
step:1259/1530 train_time:500304ms step_avg:397.38ms
step:1260/1530 train_time:500942ms step_avg:397.57ms
step:1261/1530 train_time:501580ms step_avg:397.76ms
step:1262/1530 train_time:502216ms step_avg:397.95ms
step:1263/1530 train_time:502855ms step_avg:398.14ms
step:1264/1530 train_time:503492ms step_avg:398.33ms
step:1265/1530 train_time:504129ms step_avg:398.52ms
step:1266/1530 train_time:504770ms step_avg:398.71ms
step:1267/1530 train_time:505406ms step_avg:398.90ms
step:1268/1530 train_time:506044ms step_avg:399.09ms
step:1269/1530 train_time:506682ms step_avg:399.28ms
step:1270/1530 train_time:507321ms step_avg:399.47ms
step:1271/1530 train_time:507957ms step_avg:399.65ms
step:1272/1530 train_time:508596ms step_avg:399.84ms
step:1273/1530 train_time:509233ms step_avg:400.03ms
step:1274/1530 train_time:509871ms step_avg:400.21ms
step:1275/1530 train_time:510509ms step_avg:400.40ms
step:1276/1530 train_time:511145ms step_avg:400.58ms
step:1277/1530 train_time:511782ms step_avg:400.77ms
step:1278/1530 train_time:512419ms step_avg:400.95ms
step:1279/1530 train_time:513056ms step_avg:401.14ms
step:1280/1530 train_time:513693ms step_avg:401.32ms
step:1281/1530 train_time:514329ms step_avg:401.51ms
step:1282/1530 train_time:514966ms step_avg:401.69ms
step:1283/1530 train_time:515602ms step_avg:401.87ms
step:1284/1530 train_time:516239ms step_avg:402.06ms
step:1285/1530 train_time:516876ms step_avg:402.24ms
step:1286/1530 train_time:517513ms step_avg:402.42ms
step:1287/1530 train_time:518150ms step_avg:402.60ms
step:1288/1530 train_time:518790ms step_avg:402.79ms
step:1289/1530 train_time:519428ms step_avg:402.97ms
step:1290/1530 train_time:520066ms step_avg:403.15ms
step:1291/1530 train_time:520704ms step_avg:403.33ms
step:1292/1530 train_time:521342ms step_avg:403.52ms
step:1293/1530 train_time:521979ms step_avg:403.70ms
step:1294/1530 train_time:522619ms step_avg:403.88ms
step:1295/1530 train_time:523256ms step_avg:404.06ms
step:1296/1530 train_time:523895ms step_avg:404.24ms
step:1297/1530 train_time:524531ms step_avg:404.42ms
step:1298/1530 train_time:525168ms step_avg:404.60ms
step:1299/1530 train_time:525807ms step_avg:404.78ms
step:1300/1530 train_time:526446ms step_avg:404.96ms
step:1301/1530 train_time:527085ms step_avg:405.14ms
step:1302/1530 train_time:527722ms step_avg:405.32ms
step:1303/1530 train_time:528359ms step_avg:405.49ms
step:1304/1530 train_time:528998ms step_avg:405.67ms
step:1305/1530 train_time:529637ms step_avg:405.85ms
step:1306/1530 train_time:530274ms step_avg:406.03ms
step:1307/1530 train_time:530912ms step_avg:406.21ms
step:1308/1530 train_time:531551ms step_avg:406.38ms
step:1309/1530 train_time:532187ms step_avg:406.56ms
step:1310/1530 train_time:532826ms step_avg:406.74ms
step:1311/1530 train_time:533464ms step_avg:406.91ms
step:1312/1530 train_time:534101ms step_avg:407.09ms
step:1313/1530 train_time:534739ms step_avg:407.26ms
step:1314/1530 train_time:535377ms step_avg:407.44ms
step:1315/1530 train_time:536016ms step_avg:407.62ms
step:1316/1530 train_time:536653ms step_avg:407.79ms
step:1317/1530 train_time:537293ms step_avg:407.97ms
step:1318/1530 train_time:537930ms step_avg:408.14ms
step:1319/1530 train_time:538568ms step_avg:408.32ms
step:1320/1530 train_time:539204ms step_avg:408.49ms
step:1321/1530 train_time:539841ms step_avg:408.66ms
step:1322/1530 train_time:540480ms step_avg:408.83ms
step:1323/1530 train_time:541119ms step_avg:409.01ms
step:1324/1530 train_time:541755ms step_avg:409.18ms
step:1325/1530 train_time:542396ms step_avg:409.36ms
step:1326/1530 train_time:543035ms step_avg:409.53ms
step:1327/1530 train_time:543673ms step_avg:409.70ms
step:1328/1530 train_time:544312ms step_avg:409.87ms
step:1329/1530 train_time:544951ms step_avg:410.05ms
step:1330/1530 train_time:545588ms step_avg:410.22ms
step:1331/1530 train_time:546225ms step_avg:410.39ms
step:1332/1530 train_time:546864ms step_avg:410.56ms
step:1333/1530 train_time:547501ms step_avg:410.73ms
step:1334/1530 train_time:548138ms step_avg:410.90ms
step:1335/1530 train_time:548774ms step_avg:411.07ms
step:1336/1530 train_time:549412ms step_avg:411.24ms
step:1337/1530 train_time:550048ms step_avg:411.40ms
step:1338/1530 train_time:550685ms step_avg:411.57ms
step:1339/1530 train_time:551323ms step_avg:411.74ms
step:1340/1530 train_time:551959ms step_avg:411.91ms
step:1341/1530 train_time:552597ms step_avg:412.08ms
step:1342/1530 train_time:553237ms step_avg:412.25ms
step:1343/1530 train_time:553875ms step_avg:412.42ms
step:1344/1530 train_time:554512ms step_avg:412.58ms
step:1345/1530 train_time:555151ms step_avg:412.75ms
step:1346/1530 train_time:555790ms step_avg:412.92ms
step:1347/1530 train_time:556427ms step_avg:413.09ms
step:1348/1530 train_time:557068ms step_avg:413.26ms
step:1349/1530 train_time:557703ms step_avg:413.42ms
step:1350/1530 train_time:558340ms step_avg:413.59ms
step:1351/1530 train_time:558979ms step_avg:413.75ms
step:1352/1530 train_time:559617ms step_avg:413.92ms
step:1353/1530 train_time:560255ms step_avg:414.08ms
step:1354/1530 train_time:560893ms step_avg:414.25ms
step:1355/1530 train_time:561529ms step_avg:414.41ms
step:1356/1530 train_time:562169ms step_avg:414.58ms
step:1357/1530 train_time:562807ms step_avg:414.74ms
step:1358/1530 train_time:563448ms step_avg:414.91ms
step:1359/1530 train_time:564087ms step_avg:415.07ms
step:1360/1530 train_time:564725ms step_avg:415.24ms
step:1361/1530 train_time:565364ms step_avg:415.40ms
step:1362/1530 train_time:566000ms step_avg:415.57ms
step:1363/1530 train_time:566637ms step_avg:415.73ms
step:1364/1530 train_time:567275ms step_avg:415.89ms
step:1365/1530 train_time:567913ms step_avg:416.05ms
step:1366/1530 train_time:568550ms step_avg:416.22ms
step:1367/1530 train_time:569188ms step_avg:416.38ms
step:1368/1530 train_time:569827ms step_avg:416.54ms
step:1369/1530 train_time:570463ms step_avg:416.70ms
step:1370/1530 train_time:571102ms step_avg:416.86ms
step:1371/1530 train_time:571740ms step_avg:417.02ms
step:1372/1530 train_time:572378ms step_avg:417.18ms
step:1373/1530 train_time:573019ms step_avg:417.35ms
step:1374/1530 train_time:573652ms step_avg:417.51ms
step:1375/1530 train_time:574290ms step_avg:417.67ms
step:1376/1530 train_time:574927ms step_avg:417.82ms
step:1377/1530 train_time:575565ms step_avg:417.98ms
step:1378/1530 train_time:576203ms step_avg:418.14ms
step:1379/1530 train_time:576841ms step_avg:418.30ms
step:1380/1530 train_time:577479ms step_avg:418.46ms
step:1381/1530 train_time:578117ms step_avg:418.62ms
step:1382/1530 train_time:578755ms step_avg:418.78ms
step:1383/1530 train_time:579394ms step_avg:418.94ms
step:1384/1530 train_time:580033ms step_avg:419.10ms
step:1385/1530 train_time:580671ms step_avg:419.26ms
step:1386/1530 train_time:581307ms step_avg:419.41ms
step:1387/1530 train_time:581945ms step_avg:419.57ms
step:1388/1530 train_time:582583ms step_avg:419.73ms
step:1389/1530 train_time:583220ms step_avg:419.89ms
step:1390/1530 train_time:583857ms step_avg:420.04ms
step:1391/1530 train_time:584495ms step_avg:420.20ms
step:1392/1530 train_time:585135ms step_avg:420.36ms
step:1393/1530 train_time:585772ms step_avg:420.51ms
step:1394/1530 train_time:586409ms step_avg:420.67ms
step:1395/1530 train_time:587049ms step_avg:420.82ms
step:1396/1530 train_time:587687ms step_avg:420.98ms
step:1397/1530 train_time:588325ms step_avg:421.13ms
step:1398/1530 train_time:588962ms step_avg:421.29ms
step:1399/1530 train_time:589602ms step_avg:421.45ms
step:1400/1530 train_time:590242ms step_avg:421.60ms
step:1401/1530 train_time:590879ms step_avg:421.76ms
step:1402/1530 train_time:591517ms step_avg:421.91ms
step:1403/1530 train_time:592153ms step_avg:422.06ms
step:1404/1530 train_time:592792ms step_avg:422.22ms
step:1405/1530 train_time:593431ms step_avg:422.37ms
step:1406/1530 train_time:594066ms step_avg:422.52ms
step:1407/1530 train_time:594706ms step_avg:422.68ms
step:1408/1530 train_time:595343ms step_avg:422.83ms
step:1409/1530 train_time:595980ms step_avg:422.98ms
step:1410/1530 train_time:596619ms step_avg:423.13ms
step:1411/1530 train_time:597256ms step_avg:423.29ms
step:1412/1530 train_time:597892ms step_avg:423.44ms
step:1413/1530 train_time:598529ms step_avg:423.59ms
step:1414/1530 train_time:599168ms step_avg:423.74ms
step:1415/1530 train_time:599806ms step_avg:423.89ms
step:1416/1530 train_time:600445ms step_avg:424.04ms
step:1417/1530 train_time:601080ms step_avg:424.19ms
step:1418/1530 train_time:601720ms step_avg:424.34ms
step:1419/1530 train_time:602358ms step_avg:424.49ms
step:1420/1530 train_time:602995ms step_avg:424.64ms
step:1421/1530 train_time:603633ms step_avg:424.79ms
step:1422/1530 train_time:604272ms step_avg:424.95ms
step:1423/1530 train_time:604907ms step_avg:425.09ms
step:1424/1530 train_time:605546ms step_avg:425.24ms
step:1425/1530 train_time:606187ms step_avg:425.39ms
step:1426/1530 train_time:606825ms step_avg:425.54ms
step:1427/1530 train_time:607463ms step_avg:425.69ms
step:1428/1530 train_time:608100ms step_avg:425.84ms
step:1429/1530 train_time:608738ms step_avg:425.99ms
step:1430/1530 train_time:609374ms step_avg:426.14ms
step:1431/1530 train_time:610012ms step_avg:426.28ms
step:1432/1530 train_time:610650ms step_avg:426.43ms
step:1433/1530 train_time:611287ms step_avg:426.58ms
step:1434/1530 train_time:611927ms step_avg:426.73ms
step:1435/1530 train_time:612564ms step_avg:426.87ms
step:1436/1530 train_time:613203ms step_avg:427.02ms
step:1437/1530 train_time:613842ms step_avg:427.17ms
step:1438/1530 train_time:614481ms step_avg:427.32ms
step:1439/1530 train_time:615119ms step_avg:427.46ms
step:1440/1530 train_time:615759ms step_avg:427.61ms
step:1441/1530 train_time:616399ms step_avg:427.76ms
step:1442/1530 train_time:617036ms step_avg:427.90ms
step:1443/1530 train_time:617676ms step_avg:428.05ms
step:1444/1530 train_time:618313ms step_avg:428.19ms
step:1445/1530 train_time:618950ms step_avg:428.34ms
step:1446/1530 train_time:619589ms step_avg:428.48ms
step:1447/1530 train_time:620226ms step_avg:428.63ms
step:1448/1530 train_time:620862ms step_avg:428.77ms
step:1449/1530 train_time:621499ms step_avg:428.92ms
step:1450/1530 train_time:622138ms step_avg:429.06ms
step:1451/1530 train_time:622777ms step_avg:429.21ms
step:1452/1530 train_time:623414ms step_avg:429.35ms
step:1453/1530 train_time:624052ms step_avg:429.49ms
step:1454/1530 train_time:624690ms step_avg:429.64ms
step:1455/1530 train_time:625328ms step_avg:429.78ms
step:1456/1530 train_time:625970ms step_avg:429.92ms
step:1457/1530 train_time:626609ms step_avg:430.07ms
step:1458/1530 train_time:627248ms step_avg:430.21ms
step:1459/1530 train_time:627885ms step_avg:430.35ms
step:1460/1530 train_time:628520ms step_avg:430.49ms
step:1461/1530 train_time:629158ms step_avg:430.64ms
step:1462/1530 train_time:629796ms step_avg:430.78ms
step:1463/1530 train_time:630434ms step_avg:430.92ms
step:1464/1530 train_time:631072ms step_avg:431.06ms
step:1465/1530 train_time:631706ms step_avg:431.20ms
step:1466/1530 train_time:632344ms step_avg:431.34ms
step:1467/1530 train_time:632981ms step_avg:431.48ms
step:1468/1530 train_time:633619ms step_avg:431.62ms
step:1469/1530 train_time:634258ms step_avg:431.76ms
step:1470/1530 train_time:634897ms step_avg:431.90ms
step:1471/1530 train_time:635537ms step_avg:432.04ms
step:1472/1530 train_time:636177ms step_avg:432.19ms
step:1473/1530 train_time:636814ms step_avg:432.32ms
step:1474/1530 train_time:637451ms step_avg:432.46ms
step:1475/1530 train_time:638089ms step_avg:432.60ms
step:1476/1530 train_time:638728ms step_avg:432.74ms
step:1477/1530 train_time:639367ms step_avg:432.88ms
step:1478/1530 train_time:640003ms step_avg:433.02ms
step:1479/1530 train_time:640640ms step_avg:433.16ms
step:1480/1530 train_time:641278ms step_avg:433.30ms
step:1481/1530 train_time:641916ms step_avg:433.43ms
step:1482/1530 train_time:642552ms step_avg:433.57ms
step:1483/1530 train_time:643191ms step_avg:433.71ms
step:1484/1530 train_time:643829ms step_avg:433.85ms
step:1485/1530 train_time:644467ms step_avg:433.98ms
step:1486/1530 train_time:645105ms step_avg:434.12ms
step:1487/1530 train_time:645746ms step_avg:434.26ms
step:1488/1530 train_time:646381ms step_avg:434.40ms
step:1489/1530 train_time:647022ms step_avg:434.53ms
step:1490/1530 train_time:647658ms step_avg:434.67ms
step:1491/1530 train_time:648302ms step_avg:434.81ms
step:1492/1530 train_time:648942ms step_avg:434.95ms
step:1493/1530 train_time:649580ms step_avg:435.08ms
step:1494/1530 train_time:650221ms step_avg:435.22ms
step:1495/1530 train_time:650862ms step_avg:435.36ms
step:1496/1530 train_time:651501ms step_avg:435.50ms
step:1497/1530 train_time:652141ms step_avg:435.63ms
step:1498/1530 train_time:652781ms step_avg:435.77ms
step:1499/1530 train_time:653422ms step_avg:435.90ms
step:1500/1530 train_time:654060ms step_avg:436.04ms
step:1500/1530 val_loss:3.2884 train_time:654174ms step_avg:436.12ms
step:1501/1530 train_time:654702ms step_avg:436.18ms
step:1502/1530 train_time:655344ms step_avg:436.31ms
step:1503/1530 train_time:655984ms step_avg:436.45ms
step:1504/1530 train_time:656625ms step_avg:436.59ms
step:1505/1530 train_time:657265ms step_avg:436.72ms
step:1506/1530 train_time:657907ms step_avg:436.86ms
step:1507/1530 train_time:658548ms step_avg:436.99ms
step:1508/1530 train_time:659190ms step_avg:437.13ms
step:1509/1530 train_time:659829ms step_avg:437.26ms
step:1510/1530 train_time:660470ms step_avg:437.40ms
step:1511/1530 train_time:661113ms step_avg:437.53ms
step:1512/1530 train_time:661750ms step_avg:437.67ms
step:1513/1530 train_time:662391ms step_avg:437.80ms
step:1514/1530 train_time:663031ms step_avg:437.93ms
step:1515/1530 train_time:663669ms step_avg:438.07ms
step:1516/1530 train_time:664309ms step_avg:438.20ms
step:1517/1530 train_time:664950ms step_avg:438.33ms
step:1518/1530 train_time:665590ms step_avg:438.46ms
step:1519/1530 train_time:666228ms step_avg:438.60ms
step:1520/1530 train_time:666869ms step_avg:438.73ms
step:1521/1530 train_time:667508ms step_avg:438.86ms
step:1522/1530 train_time:668149ms step_avg:438.99ms
step:1523/1530 train_time:668790ms step_avg:439.13ms
step:1524/1530 train_time:669431ms step_avg:439.26ms
step:1525/1530 train_time:670072ms step_avg:439.39ms
step:1526/1530 train_time:670714ms step_avg:439.52ms
step:1527/1530 train_time:671354ms step_avg:439.66ms
step:1528/1530 train_time:671991ms step_avg:439.78ms
step:1529/1530 train_time:672630ms step_avg:439.91ms
step:1530/1530 train_time:673271ms step_avg:440.05ms
step:1530/1530 val_loss:3.2787 train_time:673383ms step_avg:440.12ms
peak memory allocated: 37326 MiB reserved: 52762 MiB
